rotten	vies	0.05
rotten	vervelen	0.05
rotten	appel	0.6
rotten	vis	0.05
rotten	ei	0.2
rotten	staat	0.05
attempt	moord	0.05555555555555555
attempt	nadruk	0.027777777777777776
attempt	poging	0.1111111111111111
attempt	gemeen	0.027777777777777776
attempt	ski	0.027777777777777776
attempt	onderdrukken	0.027777777777777776
attempt	ontsnappen	0.027777777777777776
attempt	slagen	0.027777777777777776
attempt	missen	0.027777777777777776
attempt	falen	0.027777777777777776
attempt	triathlon	0.027777777777777776
attempt	diefstal	0.027777777777777776
attempt	doen	0.08333333333333333
attempt	winnen	0.027777777777777776
attempt	volleybal	0.027777777777777776
attempt	hopen	0.027777777777777776
attempt	moordenaar	0.027777777777777776
attempt	ruimte	0.027777777777777776
attempt	moeite	0.027777777777777776
attempt	wagen	0.027777777777777776
attempt	proberen	0.08333333333333333
attempt	zelfmoord	0.05555555555555555
attempt	smeed	0.027777777777777776
attempt	pogen	0.05555555555555555
attempt	versieren	0.027777777777777776
attempt	tentamen	0.027777777777777776
slippery	wegdek	0.10526315789473684
slippery	weg	0.10526315789473684
slippery	banaan	0.05263157894736842
slippery	nijd	0.05263157894736842
slippery	glas	0.05263157894736842
slippery	achterbaks	0.05263157894736842
slippery	missen	0.05263157894736842
slippery	sexy	0.05263157894736842
slippery	ijs	0.05263157894736842
slippery	glad	0.05263157894736842
slippery	sneeuw	0.05263157894736842
slippery	band	0.05263157894736842
slippery	winter	0.05263157894736842
slippery	vriezen	0.05263157894736842
slippery	stroef	0.05263157894736842
slippery	nat	0.10526315789473684
understand	zin	0.05555555555555555
understand	proefwerk	0.05555555555555555
understand	vraag	0.05555555555555555
understand	onderwijs	0.05555555555555555
understand	moeilijk	0.1111111111111111
understand	tekst	0.05555555555555555
understand	betekenis	0.05555555555555555
understand	boek	0.1111111111111111
understand	woord	0.05555555555555555
understand	leraar	0.1111111111111111
understand	verstand	0.05555555555555555
understand	stof	0.05555555555555555
understand	begrijpen	0.05555555555555555
understand	slim	0.1111111111111111
stubborn	toegeeflijk	0.0625
stubborn	lastig	0.0625
stubborn	kip	0.0625
stubborn	toegeven	0.0625
stubborn	kind	0.0625
stubborn	dom	0.0625
stubborn	ezel	0.375
stubborn	hoofdstad	0.0625
stubborn	ram	0.0625
stubborn	eigenwijs	0.0625
stubborn	eerlijk	0.0625
bottle	glas	0.075
bottle	cafe	0.025
bottle	whiskey	0.05
bottle	dop	0.025
bottle	boot	0.025
bottle	bier	0.025
bottle	alcohol	0.05
bottle	drank	0.1
bottle	drinken	0.1
bottle	cola	0.025
bottle	brief	0.025
bottle	wijn	0.375
bottle	groen	0.025
bottle	schip	0.025
bottle	dronken	0.025
bottle	post	0.025
method	wiskunde	0.05714285714285714
method	studie	0.02857142857142857
method	consequent	0.02857142857142857
method	onderwijs	0.05714285714285714
method	water	0.02857142857142857
method	les	0.05714285714285714
method	manier	0.08571428571428572
method	wiskundig	0.02857142857142857
method	boek	0.05714285714285714
method	leren	0.17142857142857143
method	psychologie	0.05714285714285714
method	experiment	0.02857142857142857
method	wijze	0.02857142857142857
method	oplossing	0.02857142857142857
method	werkwijz	0.02857142857142857
method	onderzoek	0.2
method	oefening	0.02857142857142857
elegant	net	0.05
elegant	lopen	0.05
elegant	vrouw	0.25
elegant	dame	0.1
elegant	jurk	0.2
elegant	charmant	0.1
elegant	figuur	0.05
elegant	pak	0.05
elegant	dun	0.05
elegant	plomp	0.05
elegant	lomp	0.05
mirror	glas	0.15789473684210525
mirror	kammen	0.02631578947368421
mirror	mirakel	0.02631578947368421
mirror	schoonheid	0.02631578947368421
mirror	ik	0.05263157894736842
mirror	gezicht	0.13157894736842105
mirror	ijdel	0.05263157894736842
mirror	zien	0.02631578947368421
mirror	jezelf	0.10526315789473684
mirror	lelijk	0.02631578947368421
mirror	lied	0.02631578947368421
mirror	spiegelbeeld	0.10526315789473684
mirror	geluid	0.02631578947368421
mirror	prinses	0.02631578947368421
mirror	kam	0.02631578947368421
mirror	sneeuwitje	0.02631578947368421
mirror	zelf	0.02631578947368421
mirror	kijken	0.05263157894736842
mirror	sprookje	0.02631578947368421
mirror	spiegelen	0.02631578947368421
metal	geest	0.02631578947368421
metal	hard	0.13157894736842105
metal	glanzen	0.02631578947368421
metal	lood	0.05263157894736842
metal	kabel	0.02631578947368421
metal	glas	0.02631578947368421
metal	moeheid	0.02631578947368421
metal	bros	0.02631578947368421
metal	voorwerp	0.02631578947368421
metal	metaal	0.02631578947368421
metal	ring	0.02631578947368421
metal	auto	0.02631578947368421
metal	goud	0.02631578947368421
metal	fabriek	0.02631578947368421
metal	mes	0.05263157894736842
metal	ijzer	0.21052631578947367
metal	muziek	0.05263157894736842
metal	aluminium	0.02631578947368421
metal	materiaal	0.02631578947368421
metal	fiets	0.02631578947368421
metal	hardrock	0.05263157894736842
metal	vork	0.02631578947368421
metal	baas	0.02631578947368421
apple	sinaasappel	0.02564102564102564
apple	honger	0.02564102564102564
apple	banaan	0.07692307692307693
apple	groen	0.10256410256410256
apple	eten	0.05128205128205128
apple	fruit	0.1282051282051282
apple	vrucht	0.02564102564102564
apple	lekker	0.02564102564102564
apple	bijten	0.02564102564102564
apple	peer	0.4358974358974359
apple	boom	0.07692307692307693
jail	boef	0.05
jail	boek	0.025
jail	vader	0.025
jail	tralie	0.375
jail	nor	0.025
jail	gebouw	0.025
jail	slecht	0.05
jail	ontsnappen	0.025
jail	dief	0.05
jail	streep	0.05
jail	vast	0.025
jail	cel	0.025
jail	straf	0.05
jail	misdadiger	0.025
jail	misdaad	0.025
jail	politie	0.025
jail	gevangene	0.075
jail	pak	0.05
farm	boer	0.1282051282051282
farm	kip	0.20512820512820512
farm	paard	0.02564102564102564
farm	doen	0.02564102564102564
farm	schaap	0.05128205128205128
farm	varken	0.1794871794871795
farm	koe	0.28205128205128205
farm	dier	0.10256410256410256
motive	moord	0.13513513513513514
motive	bedenken	0.02702702702702703
motive	reden	0.05405405405405406
motive	daad	0.05405405405405406
motive	beweging	0.02702702702702703
motive	detective	0.02702702702702703
motive	waarom	0.02702702702702703
motive	dader	0.02702702702702703
motive	verbergen	0.02702702702702703
motive	drijfveer	0.02702702702702703
motive	niets	0.02702702702702703
motive	motiveren	0.02702702702702703
motive	doen	0.05405405405405406
motive	schandaal	0.02702702702702703
motive	doorzettingsvermogen	0.02702702702702703
motive	willen	0.02702702702702703
motive	achterliggen	0.02702702702702703
motive	skien	0.02702702702702703
motive	aanslag	0.02702702702702703
motive	breien	0.02702702702702703
motive	richting	0.02702702702702703
motive	denken	0.02702702702702703
motive	chaos	0.02702702702702703
motive	gedrag	0.02702702702702703
motive	misdaad	0.02702702702702703
motive	abstract	0.02702702702702703
motive	streek	0.02702702702702703
motive	doel	0.05405405405405406
motive	psychologie	0.02702702702702703
guess	wie	0.058823529411764705
guess	raadsel	0.058823529411764705
guess	vraag	0.23529411764705882
guess	weten	0.058823529411764705
guess	schaakspel	0.058823529411764705
guess	vraagteken	0.058823529411764705
guess	les	0.058823529411764705
guess	spel	0.11764705882352941
guess	puzzel	0.058823529411764705
guess	vragen	0.11764705882352941
guess	fout	0.11764705882352941
winter	kou	0.025
winter	bevriezen	0.025
winter	sneeuw	0.175
winter	zomer	0.475
winter	koud	0.125
winter	jaargetijde	0.075
winter	herfst	0.025
winter	handschoen	0.025
winter	nu	0.025
winter	boom	0.025
knife	scherp	0.05
knife	moord	0.025
knife	steken	0.05
knife	eten	0.025
knife	dood	0.05
knife	schaar	0.05
knife	pistool	0.025
knife	schacht	0.025
knife	aanrecht	0.025
knife	geweld	0.025
knife	bestek	0.075
knife	lepel	0.075
knife	gereedschap	0.025
knife	appel	0.025
knife	snijden	0.025
knife	vrouw	0.025
knife	holster	0.025
knife	moordenaar	0.025
knife	steek	0.025
knife	zwitser	0.025
knife	puntig	0.025
knife	vork	0.275
circle	vierkant	0.525
circle	driehoek	0.025
circle	zand	0.025
circle	figuur	0.05
circle	route	0.025
circle	bal	0.05
circle	rond	0.2
circle	ovaal	0.025
circle	wiskunde	0.05
circle	hoepel	0.025
ambitious	ik	0.05555555555555555
ambitious	geleerd	0.05555555555555555
ambitious	werk	0.1111111111111111
ambitious	school	0.05555555555555555
ambitious	man	0.05555555555555555
ambitious	lui	0.05555555555555555
ambitious	popster	0.05555555555555555
ambitious	carriere	0.2222222222222222
ambitious	nietszeggend	0.05555555555555555
ambitious	ideaal	0.05555555555555555
ambitious	mens	0.05555555555555555
ambitious	ijverig	0.05555555555555555
ambitious	baan	0.05555555555555555
ambitious	danser	0.05555555555555555
baptize	tegenhouden	0.0625
baptize	jezus	0.0625
baptize	vreemd	0.0625
baptize	kind	0.0625
baptize	geloof	0.125
baptize	water	0.125
baptize	heilig	0.0625
baptize	kerk	0.3125
baptize	johannes	0.0625
baptize	jood	0.0625
move	reizen	0.05
move	lopen	0.15
move	volleybal	0.05
move	schaak	0.05
move	snelheid	0.05
move	straat	0.05
move	lichaam	0.05
move	reis	0.05
move	stilstaan	0.05
move	voorwaarts	0.05
move	huis	0.05
move	auto	0.1
move	gaan	0.05
move	bewegen	0.05
move	blijven	0.05
move	sport	0.05
move	fiets	0.05
pepper	zout	0.775
pepper	koken	0.025
pepper	paprika	0.025
pepper	heten	0.1
pepper	eten	0.05
pepper	smaak	0.025
swim	water	0.4
swim	zee	0.1
swim	badpak	0.05
swim	band	0.05
swim	borstcrawl	0.05
swim	duikplank	0.05
swim	waterpolo	0.05
swim	zwembad	0.1
swim	zwemmen	0.05
swim	bewegen	0.05
swim	duiken	0.05
hate	liefhebben	0.05263157894736842
hate	woede	0.10526315789473684
hate	nijd	0.05263157894736842
hate	liefde	0.5263157894736842
hate	vijand	0.05263157894736842
hate	mens	0.05263157894736842
hate	kwaad	0.10526315789473684
hate	aardig	0.05263157894736842
figure	schilderij	0.02631578947368421
figure	trainen	0.02631578947368421
figure	strip	0.02631578947368421
figure	figuurlijk	0.02631578947368421
figure	gezicht	0.02631578947368421
figure	zien	0.05263157894736842
figure	blok	0.02631578947368421
figure	cirkel	0.02631578947368421
figure	wiskunde	0.02631578947368421
figure	modeshow	0.02631578947368421
figure	tekenen	0.05263157894736842
figure	mooi	0.05263157894736842
figure	meetlat	0.02631578947368421
figure	mens	0.02631578947368421
figure	slank	0.02631578947368421
figure	schaatsen	0.02631578947368421
figure	gestalte	0.02631578947368421
figure	lijn	0.02631578947368421
figure	tekenfilmfiguur	0.02631578947368421
figure	rond	0.02631578947368421
figure	stijl	0.02631578947368421
figure	ver	0.02631578947368421
figure	lichaam	0.05263157894736842
figure	dik	0.05263157894736842
figure	zaag	0.02631578947368421
figure	persoon	0.02631578947368421
figure	dieet	0.02631578947368421
figure	tekening	0.02631578947368421
figure	tapijt	0.02631578947368421
figure	lamp	0.02631578947368421
figure	gewicht	0.02631578947368421
figure	vorm	0.02631578947368421
figure	lijf	0.02631578947368421
bird	pimpelmees	0.025
bird	nest	0.125
bird	vogel	0.025
bird	meeuw	0.025
bird	zang	0.025
bird	kanarie	0.025
bird	touw	0.025
bird	lucht	0.1
bird	kooi	0.025
bird	zoogdier	0.025
bird	zingen	0.1
bird	vleugel	0.025
bird	duif	0.025
bird	dier	0.05
bird	zwaluw	0.025
bird	eend	0.025
bird	vliegen	0.1
bird	mus	0.05
bird	film	0.025
bird	geboorte	0.025
bird	jimmy	0.025
bird	gevogelte	0.025
bird	zwaan	0.025
bird	vrij	0.025
bird	adelaar	0.025
calculate	machine	0.1
calculate	statistiek	0.05
calculate	rekenen	0.2
calculate	wiskunde	0.15
calculate	lezen	0.05
calculate	rekenmachine	0.4
calculate	geld	0.05
plan	plattegrond	0.05263157894736842
plan	bedenken	0.02631578947368421
plan	straat	0.02631578947368421
plan	nieuw	0.02631578947368421
plan	niet	0.02631578947368421
plan	boot	0.02631578947368421
plan	bouwen	0.02631578947368421
plan	besluit	0.02631578947368421
plan	stad	0.07894736842105263
plan	papier	0.02631578947368421
plan	vakantie	0.05263157894736842
plan	kaart	0.13157894736842105
plan	plek	0.02631578947368421
plan	beramen	0.02631578947368421
plan	map	0.02631578947368421
plan	draaiboek	0.02631578947368421
plan	verhuizing	0.02631578947368421
plan	afspraak	0.02631578947368421
plan	streven	0.02631578947368421
plan	schema	0.02631578947368421
plan	reis	0.02631578947368421
plan	mislukken	0.02631578947368421
plan	leuk	0.02631578947368421
plan	idee	0.05263157894736842
plan	uitvoeren	0.02631578947368421
plan	ui	0.02631578947368421
plan	maken	0.05263157894736842
plan	route	0.02631578947368421
chilly	tafel	0.05263157894736842
chilly	vinger	0.05263157894736842
chilly	peper	0.10526315789473684
chilly	eten	0.10526315789473684
chilly	lachen	0.05263157894736842
chilly	dansen	0.05263157894736842
chilly	ijs	0.05263157894736842
chilly	jas	0.05263157894736842
chilly	sneeuw	0.10526315789473684
chilly	winter	0.10526315789473684
chilly	vriezen	0.05263157894736842
chilly	koud	0.05263157894736842
chilly	warm	0.15789473684210525
truth	eerlijkheid	0.05263157894736842
truth	staan	0.02631578947368421
truth	goed	0.05263157894736842
truth	niet	0.02631578947368421
truth	gedachte	0.02631578947368421
truth	verhaal	0.02631578947368421
truth	slecht	0.02631578947368421
truth	nep	0.02631578947368421
truth	eerlijk	0.05263157894736842
truth	liegen	0.05263157894736842
truth	vertellen	0.02631578947368421
truth	ontkennen	0.02631578947368421
truth	boek	0.02631578947368421
truth	geloven	0.05263157894736842
truth	onwaarheid	0.07894736842105263
truth	leugen	0.2631578947368421
truth	ruzie	0.02631578947368421
truth	psychologie	0.02631578947368421
truth	belofte	0.02631578947368421
truth	film	0.02631578947368421
truth	vals	0.05263157894736842
cruel	moord	0.1
cruel	hard	0.1
cruel	daad	0.05
cruel	gemeen	0.05
cruel	moordenaar	0.05
cruel	afschuwelijk	0.05
cruel	vriendelijk	0.05
cruel	mes	0.05
cruel	vreemd	0.05
cruel	aardig	0.05
cruel	misdadiger	0.1
cruel	misdaad	0.1
cruel	mens	0.05
cruel	film	0.05
cruel	geweld	0.05
cruel	dictator	0.05
favor	daad	0.02702702702702703
favor	snoep	0.05405405405405406
favor	ik	0.02702702702702703
favor	voortrekken	0.02702702702702703
favor	stank	0.02702702702702703
favor	boek	0.02702702702702703
favor	vriend	0.02702702702702703
favor	aardig	0.08108108108108109
favor	kers	0.02702702702702703
favor	abrikoos	0.02702702702702703
favor	favoriet	0.02702702702702703
favor	kleur	0.02702702702702703
favor	smaak	0.24324324324324326
favor	doen	0.02702702702702703
favor	koningin	0.02702702702702703
favor	plezier	0.02702702702702703
favor	positief	0.02702702702702703
favor	aardbei	0.02702702702702703
favor	eten	0.08108108108108109
favor	milkshake	0.02702702702702703
favor	liever	0.02702702702702703
favor	geur	0.02702702702702703
favor	aanspraak	0.02702702702702703
favor	oversteken	0.02702702702702703
shop	straat	0.02564102564102564
shop	vervelen	0.02564102564102564
shop	winkelen	0.10256410256410256
shop	centrum	0.05128205128205128
shop	supermarkt	0.02564102564102564
shop	geld	0.05128205128205128
shop	etalage	0.05128205128205128
shop	trui	0.02564102564102564
shop	ding	0.02564102564102564
shop	diefstal	0.02564102564102564
shop	spul	0.02564102564102564
shop	cadeau	0.02564102564102564
shop	duur	0.02564102564102564
shop	schiphol	0.02564102564102564
shop	kleding	0.10256410256410256
shop	kaaswinkel	0.02564102564102564
shop	kopen	0.1282051282051282
shop	kleed	0.10256410256410256
shop	eten	0.02564102564102564
shop	winkel	0.05128205128205128
shop	schop	0.02564102564102564
shop	winkelier	0.02564102564102564
marry	blij	0.05
marry	gelukkig	0.05
marry	ring	0.05
marry	vrouw	0.2
marry	baby	0.05
marry	zwart	0.05
marry	ongelukkig	0.1
marry	man	0.05
marry	vrolijk	0.05
marry	broer	0.05
marry	huwelijk	0.1
marry	trouwen	0.05
marry	gezin	0.05
marry	cadeau	0.05
marry	echtgenoot	0.05
potato	eten	0.23076923076923078
potato	mexico	0.02564102564102564
potato	snackbar	0.02564102564102564
potato	quayle	0.02564102564102564
potato	groente	0.1282051282051282
potato	soep	0.02564102564102564
potato	tomaat	0.02564102564102564
potato	friet	0.10256410256410256
potato	mayonaise	0.02564102564102564
potato	spagetti	0.02564102564102564
potato	vies	0.05128205128205128
potato	sla	0.02564102564102564
potato	spaghetti	0.02564102564102564
potato	grond	0.02564102564102564
potato	lekker	0.02564102564102564
potato	chip	0.05128205128205128
potato	patat	0.15384615384615385
holy	kerst	0.05
holy	geest	0.1
holy	bijbel	0.05
holy	kerk	0.3
holy	water	0.05
holy	geloof	0.05
holy	paus	0.05
holy	christus	0.1
holy	vakantie	0.05
holy	christ	0.05
holy	maagd	0.05
holy	kruis	0.05
holy	priester	0.05
listen	horen	0.2
listen	carefully	0.05
listen	lezen	0.1
listen	praten	0.05
listen	muziek	0.15
listen	antwoord	0.05
listen	opsomming	0.05
listen	spreken	0.05
listen	oor	0.3
demand	moeder	0.02702702702702703
demand	vraag	0.08108108108108109
demand	snoep	0.02702702702702703
demand	antwoord	0.05405405405405406
demand	diamant	0.02702702702702703
demand	ouder	0.02702702702702703
demand	vragen	0.08108108108108109
demand	klas	0.02702702702702703
demand	meerder	0.02702702702702703
demand	gunst	0.02702702702702703
demand	huur	0.02702702702702703
demand	voorwaarde	0.02702702702702703
demand	veel	0.02702702702702703
demand	mand	0.02702702702702703
demand	bazig	0.02702702702702703
demand	moeite	0.02702702702702703
demand	flauw	0.02702702702702703
demand	voorstel	0.02702702702702703
demand	hooggeplaatst	0.02702702702702703
demand	opdracht	0.02702702702702703
demand	markt	0.02702702702702703
demand	taak	0.02702702702702703
demand	straf	0.02702702702702703
demand	schreeuwen	0.02702702702702703
demand	wens	0.02702702702702703
demand	gesprek	0.02702702702702703
demand	opvolgen	0.02702702702702703
demand	eis	0.08108108108108109
demand	vragenlijst	0.02702702702702703
demand	psychologie	0.02702702702702703
angry	blij	0.1111111111111111
angry	gevecht	0.05555555555555555
angry	boos	0.05555555555555555
angry	blijheid	0.05555555555555555
angry	vader	0.05555555555555555
angry	gebeurtenis	0.05555555555555555
angry	lief	0.1111111111111111
angry	vrolijk	0.1111111111111111
angry	woede	0.1111111111111111
angry	huilen	0.05555555555555555
angry	ruzie	0.16666666666666666
angry	triest	0.05555555555555555
white	blauw	0.1
white	black	0.05
white	groen	0.05
white	sneeuw	0.05
white	zwart	0.6
white	bloem	0.05
white	kleur	0.05
white	trouwen	0.05
fresh	bederven	0.05
fresh	groente	0.05
fresh	fruit	0.1
fresh	water	0.1
fresh	douchen	0.1
fresh	winterjas	0.05
fresh	eten	0.1
fresh	vies	0.05
fresh	ijs	0.05
fresh	nieuw	0.05
fresh	zeep	0.05
fresh	yoghurt	0.05
fresh	voedsel	0.05
fresh	koud	0.1
fresh	vis	0.05
yellow	blauw	0.15
yellow	groen	0.35
yellow	paars	0.05
yellow	geel	0.1
yellow	pasen	0.05
yellow	kleur	0.05
yellow	stoplicht	0.05
yellow	zon	0.2
duty	toer	0.02702702702702703
duty	oorlog	0.05405405405405406
duty	douane	0.02702702702702703
duty	politieagent	0.02702702702702703
duty	tv	0.02702702702702703
duty	kerk	0.02702702702702703
duty	werk	0.10810810810810811
duty	belasting	0.02702702702702703
duty	school	0.02702702702702703
duty	vietnam	0.02702702702702703
duty	ambtenaar	0.02702702702702703
duty	rechtbank	0.02702702702702703
duty	dienst	0.13513513513513514
duty	leger	0.21621621621621623
duty	taak	0.02702702702702703
duty	politie	0.08108108108108109
duty	burger	0.02702702702702703
duty	doen	0.02702702702702703
duty	inzet	0.02702702702702703
duty	soldaat	0.02702702702702703
spread	broodbeleg	0.05555555555555555
spread	ophopen	0.05555555555555555
spread	kleed	0.05555555555555555
spread	sprei	0.05555555555555555
spread	open	0.05555555555555555
spread	been	0.1111111111111111
spread	jam	0.05555555555555555
spread	boterham	0.05555555555555555
spread	boek	0.05555555555555555
spread	mes	0.05555555555555555
spread	nieuw	0.1111111111111111
spread	spreiden	0.05555555555555555
spread	deken	0.05555555555555555
spread	arm	0.05555555555555555
spread	vliegen	0.05555555555555555
spread	bed	0.05555555555555555
happy	blij	0.05
happy	africa	0.05
happy	feest	0.1
happy	verjaardag	0.1
happy	boos	0.05
happy	dag	0.05
happy	familie	0.05
happy	ongelukkig	0.15
happy	verdrietig	0.05
happy	huwelijk	0.05
happy	mens	0.05
happy	triest	0.05
happy	geluk	0.15
happy	droevig	0.05
bike	sport	0.02631578947368421
bike	lopen	0.02631578947368421
bike	vervoermiddel	0.05263157894736842
bike	rijden	0.05263157894736842
bike	stelen	0.02631578947368421
bike	racen	0.02631578947368421
bike	stoel	0.02631578947368421
bike	slot	0.02631578947368421
bike	fietsen	0.18421052631578946
bike	mountain	0.02631578947368421
bike	motor	0.02631578947368421
bike	hard	0.02631578947368421
bike	auto	0.13157894736842105
bike	winkel	0.02631578947368421
bike	vervoer	0.02631578947368421
bike	wiel	0.13157894736842105
bike	stuur	0.02631578947368421
bike	brommer	0.05263157894736842
bike	amsterdam	0.02631578947368421
bike	ijzer	0.02631578947368421
bike	blik	0.02631578947368421
hope	willen	0.05263157894736842
hope	leven	0.05263157894736842
hope	geloof	0.10526315789473684
hope	glorie	0.05263157894736842
hope	wens	0.05263157894736842
hope	liefde	0.05263157894736842
hope	doorgaan	0.05263157894736842
hope	zien	0.05263157894736842
hope	zegen	0.05263157894736842
hope	toekomst	0.10526315789473684
hope	wachten	0.05263157894736842
hope	schip	0.05263157894736842
hope	wanhoop	0.05263157894736842
hope	geluk	0.10526315789473684
hope	radeloosheid	0.05263157894736842
hope	ongeluk	0.05263157894736842
snow	hut	0.02564102564102564
snow	pop	0.02564102564102564
snow	skien	0.10256410256410256
snow	wintersport	0.02564102564102564
snow	zomer	0.02564102564102564
snow	ijs	0.02564102564102564
snow	hagel	0.02564102564102564
snow	wit	0.41025641025641024
snow	ski	0.02564102564102564
snow	leuk	0.05128205128205128
snow	skiÃ«n	0.02564102564102564
snow	winter	0.1282051282051282
snow	regen	0.02564102564102564
snow	slee	0.02564102564102564
snow	zon	0.02564102564102564
snow	schaatsen	0.02564102564102564
tree	eik	0.05
tree	appel	0.05
tree	groen	0.125
tree	plant	0.1
tree	vallen	0.025
tree	tak	0.075
tree	landschap	0.025
tree	park	0.1
tree	huis	0.05
tree	trap	0.025
tree	grond	0.025
tree	gras	0.025
tree	bruin	0.025
tree	bos	0.125
tree	bloem	0.05
tree	boom	0.05
tree	blad	0.075
sneeze	griep	0.05263157894736842
sneeze	pijn	0.05263157894736842
sneeze	zakdoek	0.10526315789473684
sneeze	verkoudheid	0.10526315789473684
sneeze	sneeuw	0.05263157894736842
sneeze	snel	0.05263157894736842
sneeze	hoesten	0.21052631578947367
sneeze	verkouden	0.3157894736842105
sneeze	ziek	0.05263157894736842
block	straat	0.02631578947368421
block	stoppen	0.02631578947368421
block	steen	0.07894736842105263
block	doos	0.07894736842105263
block	kubus	0.02631578947368421
block	cirkel	0.02631578947368421
block	huis	0.05263157894736842
block	bevrijden	0.02631578947368421
block	trimester	0.02631578947368421
block	rond	0.05263157894736842
block	winnen	0.02631578947368421
block	film	0.02631578947368421
block	oplichter	0.02631578947368421
block	vierkant	0.07894736842105263
block	hut	0.02631578947368421
block	beton	0.02631578947368421
block	zwart	0.02631578947368421
block	buurt	0.02631578947368421
block	speelgoed	0.02631578947368421
block	vergeten	0.02631578947368421
block	blokkade	0.02631578947368421
block	lego	0.02631578947368421
block	ijs	0.02631578947368421
block	opschrijven	0.02631578947368421
block	bal	0.02631578947368421
block	tegenhouden	0.02631578947368421
block	hout	0.05263157894736842
block	spelen	0.02631578947368421
block	been	0.02631578947368421
dare	toestaan	0.05
dare	held	0.05
dare	springen	0.1
dare	moeilijk	0.05
dare	spel	0.05
dare	stoer	0.05
dare	waarheid	0.15
dare	moed	0.05
dare	gaan	0.05
dare	uitdaging	0.15
dare	proef	0.05
dare	doen	0.1
dare	duivel	0.05
dare	veulen	0.05
frown	verbazen	0.05555555555555555
frown	oud	0.05555555555555555
frown	kroon	0.05555555555555555
frown	boos	0.05555555555555555
frown	wenkbrauw	0.3333333333333333
frown	winter	0.05555555555555555
frown	gezicht	0.05555555555555555
frown	aarzelen	0.1111111111111111
frown	voorhoofd	0.16666666666666666
frown	denken	0.05555555555555555
information	vvv	0.10526315789473684
information	secretariaat	0.02631578947368421
information	les	0.02631578947368421
information	krant	0.07894736842105263
information	kennis	0.05263157894736842
information	toerist	0.02631578947368421
information	boek	0.05263157894736842
information	papier	0.02631578947368421
information	brief	0.02631578947368421
information	veel	0.02631578947368421
information	balie	0.02631578947368421
information	brochure	0.05263157894736842
information	tv	0.02631578947368421
information	lijst	0.02631578947368421
information	gelukkig	0.02631578947368421
information	verwerken	0.05263157894736842
information	geven	0.02631578947368421
information	kantoor	0.02631578947368421
information	priester	0.02631578947368421
information	betekenis	0.02631578947368421
information	encyclopedie	0.02631578947368421
information	lezen	0.02631578947368421
information	toegang	0.02631578947368421
information	computer	0.05263157894736842
information	gegeven	0.02631578947368421
information	beschrijving	0.02631578947368421
information	bureau	0.05263157894736842
bend	leunen	0.05555555555555555
bend	bende	0.05555555555555555
bend	staan	0.05555555555555555
bend	knie	0.16666666666666666
bend	fietsen	0.05555555555555555
bend	recht	0.05555555555555555
bend	touw	0.1111111111111111
bend	stro	0.05555555555555555
bend	los	0.05555555555555555
bend	lenig	0.05555555555555555
bend	optreden	0.05555555555555555
bend	vork	0.05555555555555555
bend	rond	0.05555555555555555
bend	boom	0.05555555555555555
bend	ijzer	0.05555555555555555
vague	scherp	0.058823529411764705
vague	omlijnen	0.058823529411764705
vague	zee	0.058823529411764705
vague	helder	0.17647058823529413
vague	antwoord	0.058823529411764705
vague	dansen	0.058823529411764705
vague	schim	0.058823529411764705
vague	missen	0.058823529411764705
vague	raar	0.058823529411764705
vague	duidelijk	0.058823529411764705
vague	mooi	0.058823529411764705
vague	vraag	0.058823529411764705
vague	golf	0.058823529411764705
vague	stof	0.058823529411764705
vague	aanwezig	0.058823529411764705
slave	nooit	0.02702702702702703
slave	werk	0.05405405405405406
slave	knechtschap	0.02702702702702703
slave	boot	0.05405405405405406
slave	vangen	0.02702702702702703
slave	boei	0.02702702702702703
slave	touw	0.02702702702702703
slave	afrika	0.02702702702702703
slave	zweep	0.02702702702702703
slave	slaafband	0.02702702702702703
slave	oorlog	0.02702702702702703
slave	slavin	0.05405405405405406
slave	zwart	0.08108108108108109
slave	vroeg	0.02702702702702703
slave	meester	0.13513513513513514
slave	trektocht	0.02702702702702703
slave	gevangene	0.02702702702702703
slave	lui	0.02702702702702703
slave	slaan	0.02702702702702703
slave	markt	0.02702702702702703
slave	neger	0.10810810810810811
slave	ketting	0.10810810810810811
tremble	vallen	0.058823529411764705
tremble	angstig	0.058823529411764705
tremble	vinger	0.11764705882352941
tremble	zenuwachtig	0.058823529411764705
tremble	hand	0.058823529411764705
tremble	ziek	0.058823529411764705
tremble	parkinson	0.058823529411764705
tremble	rustig	0.058823529411764705
tremble	stil	0.058823529411764705
tremble	angst	0.17647058823529413
tremble	piano	0.058823529411764705
tremble	schudden	0.11764705882352941
tremble	mislukking	0.058823529411764705
throw	fles	0.05263157894736842
throw	speer	0.05263157894736842
throw	steen	0.10526315789473684
throw	band	0.05263157894736842
throw	water	0.05263157894736842
throw	bal	0.5263157894736842
throw	gooien	0.05263157894736842
throw	touw	0.05263157894736842
throw	atletiek	0.05263157894736842
cause	bedenken	0.027777777777777776
cause	ramp	0.027777777777777776
cause	dood	0.027777777777777776
cause	ongeluk	0.1111111111111111
cause	reden	0.05555555555555555
cause	rechtzaak	0.05555555555555555
cause	veroorzaken	0.027777777777777776
cause	gevolg	0.4166666666666667
cause	doel	0.027777777777777776
cause	vanwege	0.027777777777777776
cause	pauze	0.027777777777777776
cause	daarom	0.05555555555555555
cause	oorzaak	0.05555555555555555
cause	theoloog	0.027777777777777776
cause	effect	0.027777777777777776
ease	chinees	0.027777777777777776
ease	zee	0.027777777777777776
ease	vriend	0.027777777777777776
ease	probleem	0.027777777777777776
ease	niet	0.027777777777777776
ease	eerlijk	0.027777777777777776
ease	woestijn	0.027777777777777776
ease	rust	0.027777777777777776
ease	makkelijk	0.027777777777777776
ease	licht	0.027777777777777776
ease	simpel	0.027777777777777776
ease	langzaam	0.027777777777777776
ease	vaardigheid	0.027777777777777776
ease	gemakkelijk	0.027777777777777776
ease	prettig	0.027777777777777776
ease	moeilijk	0.2777777777777778
ease	lui	0.027777777777777776
ease	rustig	0.1111111111111111
ease	gerust	0.027777777777777776
ease	taak	0.027777777777777776
ease	gemak	0.027777777777777776
ease	zondag	0.027777777777777776
ease	thuis	0.027777777777777776
ease	fiets	0.027777777777777776
rose	tuin	0.05
rose	tulp	0.025
rose	geloof	0.025
rose	liefde	0.025
rose	roos	0.05
rose	geur	0.025
rose	rood	0.175
rose	bloemenman	0.025
rose	wiel	0.025
rose	mooi	0.025
rose	bloem	0.475
rose	kleur	0.025
rose	bal	0.025
rose	stekel	0.025
conscience	geest	0.029411764705882353
conscience	vervelen	0.029411764705882353
conscience	weten	0.08823529411764706
conscience	onderbewustzijn	0.058823529411764705
conscience	precies	0.029411764705882353
conscience	eerlijk	0.058823529411764705
conscience	verkeerd	0.029411764705882353
conscience	gedachte	0.08823529411764706
conscience	geheugen	0.08823529411764706
conscience	psyche	0.029411764705882353
conscience	onbewustzijn	0.029411764705882353
conscience	verstand	0.029411764705882353
conscience	bewustzijn	0.029411764705882353
conscience	gewetenloos	0.029411764705882353
conscience	engel	0.029411764705882353
conscience	willen	0.029411764705882353
conscience	denken	0.029411764705882353
conscience	cel	0.029411764705882353
conscience	onbewust	0.058823529411764705
conscience	groot	0.029411764705882353
conscience	oma	0.029411764705882353
conscience	misdadiger	0.029411764705882353
conscience	rust	0.029411764705882353
conscience	psychologie	0.058823529411764705
shoulder	sterk	0.02564102564102564
shoulder	knie	0.02564102564102564
shoulder	klop	0.02564102564102564
shoulder	buik	0.02564102564102564
shoulder	lichaam	0.20512820512820512
shoulder	hoofd	0.02564102564102564
shoulder	rug	0.02564102564102564
shoulder	nek	0.07692307692307693
shoulder	lichaamsdeel	0.07692307692307693
shoulder	pijn	0.05128205128205128
shoulder	hulp	0.05128205128205128
shoulder	huilen	0.15384615384615385
shoulder	arm	0.1282051282051282
shoulder	jas	0.02564102564102564
shoulder	blad	0.02564102564102564
shoulder	schoudervulling	0.02564102564102564
shoulder	been	0.02564102564102564
hospital	ziekte	0.02702702702702703
hospital	verpleegster	0.02702702702702703
hospital	dood	0.02702702702702703
hospital	angst	0.02702702702702703
hospital	ambulance	0.02702702702702703
hospital	zuster	0.16216216216216217
hospital	kruis	0.02702702702702703
hospital	dokter	0.10810810810810811
hospital	ziek	0.4594594594594595
hospital	bed	0.10810810810810811
dependent	vrouw	0.1111111111111111
dependent	kind	0.2222222222222222
dependent	ouder	0.05555555555555555
dependent	onafhankelijk	0.3333333333333333
dependent	democratie	0.05555555555555555
dependent	trouwen	0.1111111111111111
dependent	geld	0.05555555555555555
dependent	dier	0.05555555555555555
opportunity	kans	0.06060606060606061
opportunity	rechts	0.030303030303030304
opportunity	voorsprong	0.030303030303030304
opportunity	nemen	0.030303030303030304
opportunity	gokken	0.030303030303030304
opportunity	missen	0.030303030303030304
opportunity	vakantie	0.030303030303030304
opportunity	mooi	0.030303030303030304
opportunity	geld	0.030303030303030304
opportunity	geluk	0.09090909090909091
opportunity	doen	0.030303030303030304
opportunity	benutten	0.030303030303030304
opportunity	aanvallen	0.030303030303030304
opportunity	prettig	0.030303030303030304
opportunity	werk	0.030303030303030304
opportunity	manier	0.030303030303030304
opportunity	buitenkans	0.030303030303030304
opportunity	mogelijkheid	0.12121212121212122
opportunity	baan	0.12121212121212122
opportunity	doel	0.030303030303030304
opportunity	toekomst	0.030303030303030304
opportunity	spel	0.030303030303030304
opportunity	kansloos	0.030303030303030304
opportunity	psychologie	0.030303030303030304
faith	bijbel	0.027777777777777776
faith	hoop	0.027777777777777776
faith	verloochenen	0.027777777777777776
faith	geloof	0.2222222222222222
faith	jaloers	0.027777777777777776
faith	eerlijk	0.027777777777777776
faith	verraad	0.027777777777777776
faith	lied	0.027777777777777776
faith	vriend	0.027777777777777776
faith	geloven	0.05555555555555555
faith	muziek	0.027777777777777776
faith	kerk	0.19444444444444445
faith	theoloog	0.027777777777777776
faith	trouwen	0.05555555555555555
faith	geluk	0.027777777777777776
faith	vertrouwen	0.05555555555555555
faith	god	0.1111111111111111
chance	geldwisselkantoor	0.02857142857142857
chance	probleem	0.02857142857142857
chance	nemen	0.05714285714285714
chance	keer	0.02857142857142857
chance	gokken	0.02857142857142857
chance	missen	0.02857142857142857
chance	kaart	0.02857142857142857
chance	uitdaging	0.02857142857142857
chance	gok	0.05714285714285714
chance	lot	0.05714285714285714
chance	geluk	0.14285714285714285
chance	gelijk	0.05714285714285714
chance	uitgaan	0.02857142857142857
chance	gokspel	0.02857142857142857
chance	ongeluk	0.02857142857142857
chance	werk	0.02857142857142857
chance	misschien	0.02857142857142857
chance	mogelijkheid	0.08571428571428572
chance	krijgen	0.02857142857142857
chance	loterij	0.02857142857142857
chance	risico	0.02857142857142857
chance	spel	0.08571428571428572
chance	psychologie	0.02857142857142857
paint	schilderij	0.3684210526315789
paint	verf	0.05263157894736842
paint	muur	0.05263157894736842
paint	schilder	0.15789473684210525
paint	picasso	0.05263157894736842
paint	blauw	0.10526315789473684
paint	kunst	0.10526315789473684
paint	kleur	0.05263157894736842
paint	mondriaan	0.05263157894736842
cry	traan	0.10526315789473684
cry	baby	0.10526315789473684
cry	ongelukkig	0.05263157894736842
cry	hulp	0.05263157894736842
cry	film	0.05263157894736842
cry	vrede	0.05263157894736842
cry	vrolijk	0.05263157894736842
cry	lachen	0.15789473684210525
cry	verdriet	0.21052631578947367
cry	zingen	0.05263157894736842
cry	nat	0.05263157894736842
cry	nood	0.05263157894736842
irritate	ongehoorzaam	0.05263157894736842
irritate	vervelen	0.05263157894736842
irritate	boos	0.05263157894736842
irritate	vriendelijk	0.05263157894736842
irritate	vader	0.05263157894736842
irritate	relatie	0.05263157894736842
irritate	huid	0.05263157894736842
irritate	zus	0.05263157894736842
irritate	manier	0.05263157894736842
irritate	lachen	0.05263157894736842
irritate	frustratie	0.05263157894736842
irritate	lief	0.05263157894736842
irritate	jeuk	0.10526315789473684
irritate	mens	0.10526315789473684
irritate	kwaad	0.05263157894736842
irritate	exceem	0.05263157894736842
irritate	ergernis	0.05263157894736842
advantage	disadvantage	0.02702702702702703
advantage	kans	0.02702702702702703
advantage	werk	0.02702702702702703
advantage	tegenslag	0.02702702702702703
advantage	skien	0.02702702702702703
advantage	misbruik	0.02702702702702703
advantage	fietsen	0.02702702702702703
advantage	stand	0.02702702702702703
advantage	geld	0.02702702702702703
advantage	bergbeklimmen	0.02702702702702703
advantage	reclame	0.02702702702702703
advantage	leren	0.02702702702702703
advantage	tijd	0.02702702702702703
advantage	goed	0.02702702702702703
advantage	veel	0.02702702702702703
advantage	tennis	0.1891891891891892
advantage	nadeel	0.32432432432432434
advantage	geluk	0.05405405405405406
advantage	loterij	0.02702702702702703
police	arrestatie	0.02702702702702703
police	wapen	0.02702702702702703
police	pistool	0.02702702702702703
police	pet	0.10810810810810811
police	academie	0.02702702702702703
police	auto	0.13513513513513514
police	orde	0.02702702702702703
police	arresteren	0.08108108108108109
police	inbraak	0.02702702702702703
police	ster	0.02702702702702703
police	gevangenis	0.05405405405405406
police	boef	0.02702702702702703
police	sirene	0.02702702702702703
police	alarm	0.02702702702702703
police	uniform	0.02702702702702703
police	zwaailicht	0.02702702702702703
police	agent	0.02702702702702703
police	politieauto	0.02702702702702703
police	dief	0.02702702702702703
police	kantoor	0.05405405405405406
police	blauw	0.08108108108108109
police	macht	0.05405405405405406
police	kracht	0.02702702702702703
promise	nakomen	0.05263157894736842
promise	afspraak	0.05263157894736842
promise	afbreken	0.05263157894736842
promise	waar	0.05263157894736842
promise	kerk	0.05263157894736842
promise	breken	0.05263157894736842
promise	eerlijk	0.05263157894736842
promise	maken	0.05263157894736842
promise	boek	0.05263157894736842
promise	geloven	0.05263157894736842
promise	leugen	0.05263157894736842
promise	huwelijk	0.05263157894736842
promise	doen	0.10526315789473684
promise	bewijs	0.05263157894736842
promise	belofte	0.10526315789473684
promise	verbreken	0.05263157894736842
promise	ongelofelijk	0.05263157894736842
principle	daad	0.030303030303030304
principle	stijf	0.030303030303030304
principle	concept	0.030303030303030304
principle	geloof	0.06060606060606061
principle	vasthouden	0.06060606060606061
principle	vlees	0.030303030303030304
principle	hoofd	0.06060606060606061
principle	eerlijk	0.030303030303030304
principle	school	0.030303030303030304
principle	norm	0.030303030303030304
principle	altijd	0.030303030303030304
principle	conservatief	0.030303030303030304
principle	recht	0.030303030303030304
principle	hypothese	0.030303030303030304
principle	eigenwijs	0.030303030303030304
principle	rintse	0.030303030303030304
principle	moeilijk	0.030303030303030304
principle	cda	0.030303030303030304
principle	basisprincipe	0.030303030303030304
principle	regel	0.09090909090909091
principle	stelling	0.030303030303030304
principle	idee	0.030303030303030304
principle	rechtbank	0.030303030303030304
principle	vegetarier	0.030303030303030304
principle	rechtlijnig	0.030303030303030304
principle	kerk	0.06060606060606061
principle	stijfheid	0.030303030303030304
arrest	agent	0.05
arrest	politieagent	0.05
arrest	misdadiger	0.05
arrest	inbreker	0.05
arrest	dief	0.1
arrest	gevangenis	0.05
arrest	politie	0.65
rifle	scherp	0.029411764705882353
rifle	geweer	0.17647058823529413
rifle	oorlog	0.029411764705882353
rifle	pistool	0.14705882352941177
rifle	zwaard	0.029411764705882353
rifle	fluit	0.029411764705882353
rifle	schieten	0.14705882352941177
rifle	gevecht	0.029411764705882353
rifle	trommel	0.029411764705882353
rifle	kogel	0.058823529411764705
rifle	geweld	0.029411764705882353
rifle	wond	0.029411764705882353
rifle	jager	0.029411764705882353
rifle	mes	0.058823529411764705
rifle	ritme	0.029411764705882353
rifle	zingen	0.029411764705882353
rifle	straf	0.029411764705882353
rifle	amerikaans	0.029411764705882353
rifle	vork	0.029411764705882353
trouser	pantalon	0.02564102564102564
trouser	kleden	0.02564102564102564
trouser	kleding	0.10256410256410256
trouser	shirt	0.02564102564102564
trouser	jurk	0.05128205128205128
trouser	kleed	0.07692307692307693
trouser	schoen	0.1282051282051282
trouser	sok	0.10256410256410256
trouser	trui	0.07692307692307693
trouser	levi's	0.02564102564102564
trouser	spijker	0.02564102564102564
trouser	rok	0.05128205128205128
trouser	broek	0.07692307692307693
trouser	aantrekken	0.02564102564102564
trouser	koud	0.02564102564102564
trouser	spijkerbroek	0.07692307692307693
trouser	riem	0.02564102564102564
trouser	pijp	0.05128205128205128
possession	houden	0.02857142857142857
possession	parfum	0.02857142857142857
possession	weggeven	0.02857142857142857
possession	grond	0.02857142857142857
possession	geld	0.14285714285714285
possession	huis	0.08571428571428572
possession	man	0.02857142857142857
possession	boek	0.02857142857142857
possession	macht	0.02857142857142857
possession	spul	0.02857142857142857
possession	eigendom	0.05714285714285714
possession	materialisme	0.02857142857142857
possession	kopen	0.02857142857142857
possession	portemonnaie	0.02857142857142857
possession	hek	0.02857142857142857
possession	onteigenen	0.02857142857142857
possession	obsessie	0.02857142857142857
possession	huid	0.02857142857142857
possession	terechtstelling	0.02857142857142857
possession	gitaar	0.02857142857142857
possession	eigenaar	0.02857142857142857
possession	krijgen	0.02857142857142857
possession	sieraad	0.02857142857142857
possession	bal	0.02857142857142857
possession	bezitting	0.02857142857142857
possession	communisme	0.02857142857142857
possession	bankstel	0.02857142857142857
possession	hebben	0.02857142857142857
sing	lied	0.5263157894736842
sing	lopen	0.05263157894736842
sing	koor	0.05263157894736842
sing	vogel	0.05263157894736842
sing	zingen	0.05263157894736842
sing	dansen	0.05263157894736842
sing	festival	0.05263157894736842
sing	optreden	0.05263157894736842
sing	stem	0.10526315789473684
captain	leger	0.025
captain	boot	0.3
captain	schip	0.575
captain	pet	0.05
captain	ondergeschikt	0.025
captain	baas	0.025
quality	bewaking	0.02857142857142857
quality	snoep	0.02857142857142857
quality	eerlijkheid	0.02857142857142857
quality	supermarkt	0.02857142857142857
quality	eten	0.08571428571428572
quality	kwantiteit	0.17142857142857143
quality	merk	0.02857142857142857
quality	goed	0.05714285714285714
quality	zingen	0.02857142857142857
quality	levenswaren	0.02857142857142857
quality	onderzoek	0.02857142857142857
quality	export	0.02857142857142857
quality	geen	0.02857142857142857
quality	kleding	0.02857142857142857
quality	postzegel	0.02857142857142857
quality	kleed	0.02857142857142857
quality	sigaar	0.02857142857142857
quality	wetenschap	0.02857142857142857
quality	duur	0.05714285714285714
quality	snow	0.02857142857142857
quality	voedsel	0.02857142857142857
quality	stof	0.02857142857142857
quality	produkt	0.02857142857142857
quality	slecht	0.05714285714285714
quality	radio	0.02857142857142857
wrong	goed	0.5789473684210527
wrong	waar	0.10526315789473684
wrong	antwoord	0.05263157894736842
wrong	aandacht	0.05263157894736842
wrong	proefwerk	0.05263157894736842
wrong	verkeersbord	0.05263157894736842
wrong	ok	0.05263157894736842
wrong	fout	0.05263157894736842
dirty	goor	0.05555555555555555
dirty	troep	0.05555555555555555
dirty	zakdoek	0.05555555555555555
dirty	water	0.05555555555555555
dirty	gezicht	0.05555555555555555
dirty	kamer	0.05555555555555555
dirty	huis	0.05555555555555555
dirty	zeep	0.05555555555555555
dirty	zand	0.05555555555555555
dirty	broek	0.05555555555555555
dirty	schoon	0.3333333333333333
dirty	varken	0.05555555555555555
dirty	nat	0.05555555555555555
coffee	kop	0.025
coffee	thee	0.525
coffee	gezellig	0.025
coffee	zwart	0.025
coffee	melk	0.025
coffee	cappucino	0.025
coffee	winkel	0.025
coffee	drinken	0.075
coffee	suiker	0.1
coffee	wakke	0.025
coffee	lepel	0.025
coffee	warm	0.025
coffee	lunch	0.025
coffee	lekker	0.025
coffee	zetten	0.025
pregnant	huis	0.05
pregnant	baby	0.2
pregnant	vrouw	0.25
pregnant	kind	0.35
pregnant	gelukkig	0.05
pregnant	dik	0.05
pregnant	schoonzus	0.05
forget	moe	0.05263157894736842
forget	afspraak	0.05263157894736842
forget	onthouden	0.2631578947368421
forget	portemonnaie	0.05263157894736842
forget	moeilijk	0.05263157894736842
forget	gedacht	0.05263157894736842
forget	geheugen	0.21052631578947367
forget	oud	0.05263157894736842
forget	weten	0.05263157894736842
forget	belofte	0.05263157894736842
forget	dement	0.05263157894736842
forget	slim	0.05263157894736842
green	blauw	0.2631578947368421
green	groen	0.05263157894736842
green	gras	0.05263157894736842
green	appel	0.10526315789473684
green	geel	0.05263157894736842
green	bloem	0.05263157894736842
green	kleur	0.10526315789473684
green	stoplicht	0.05263157894736842
green	rood	0.21052631578947367
green	plant	0.05263157894736842
climb	vallen	0.05
climb	ladder	0.1
climb	berg	0.55
climb	rots	0.05
climb	boom	0.2
climb	speeltuin	0.05
reasonable	inzicht	0.058823529411764705
reasonable	voorstel	0.058823529411764705
reasonable	overleggen	0.058823529411764705
reasonable	denken	0.11764705882352941
reasonable	vader	0.058823529411764705
reasonable	weinig	0.058823529411764705
reasonable	mannelijk	0.058823529411764705
reasonable	meisje	0.058823529411764705
reasonable	vraag	0.058823529411764705
reasonable	gezin	0.058823529411764705
reasonable	begrijpen	0.058823529411764705
reasonable	overeenkomst	0.058823529411764705
reasonable	onredelijk	0.23529411764705882
thick	boom	0.05
thick	modeshow	0.05
thick	mager	0.05
thick	slaan	0.05
thick	mens	0.05
thick	los	0.05
thick	eten	0.1
thick	dun	0.6
funny	clown	0.05263157894736842
funny	gek	0.05263157894736842
funny	verhaal	0.10526315789473684
funny	slecht	0.05263157894736842
funny	konijn	0.05263157894736842
funny	lachen	0.21052631578947367
funny	gebeurtenis	0.05263157894736842
funny	leuk	0.05263157894736842
funny	circus	0.05263157894736842
funny	grap	0.21052631578947367
funny	grappig	0.05263157894736842
funny	kietelen	0.05263157894736842
disturb	storm	0.0625
disturb	stilte	0.0625
disturb	roken	0.0625
disturb	menigte	0.0625
disturb	vrede	0.0625
disturb	kaart	0.0625
disturb	orde	0.125
disturb	irritant	0.0625
disturb	paniek	0.0625
disturb	college	0.0625
disturb	rust	0.125
disturb	ongestoord	0.0625
disturb	geestelijk	0.0625
disturb	onredelijk	0.0625
finger	ring	0.15
finger	ringvinger	0.025
finger	lichaam	0.025
finger	lichaamsdeel	0.05
finger	wijzen	0.05
finger	top	0.025
finger	nagel	0.075
finger	wijsvinger	0.025
finger	hand	0.4
finger	duim	0.175
revenge	moord	0.025
revenge	vervelen	0.025
revenge	dood	0.05
revenge	familie	0.025
revenge	vijand	0.025
revenge	laf	0.025
revenge	spel	0.025
revenge	onnodig	0.025
revenge	terugkomst	0.025
revenge	crimineel	0.025
revenge	sukkel	0.025
revenge	maffia	0.025
revenge	woede	0.05
revenge	actie	0.025
revenge	bloed	0.05
revenge	film	0.025
revenge	geweld	0.025
revenge	haat	0.05
revenge	geweer	0.025
revenge	boeld	0.025
revenge	niet	0.025
revenge	boos	0.025
revenge	bui	0.025
revenge	haatdragend	0.025
revenge	gevecht	0.025
revenge	zoet	0.025
revenge	wraak	0.025
revenge	schaken	0.025
revenge	vechten	0.025
revenge	ruzie	0.075
revenge	aanval	0.025
revenge	kwaad	0.05
revenge	nemen	0.025
insight	intelligentie	0.02857142857142857
insight	inzicht	0.02857142857142857
insight	vraag	0.02857142857142857
insight	niet	0.02857142857142857
insight	literatuur	0.02857142857142857
insight	doorzien	0.02857142857142857
insight	boek	0.02857142857142857
insight	leren	0.02857142857142857
insight	informatie	0.02857142857142857
insight	goed	0.02857142857142857
insight	weten	0.02857142857142857
insight	begrip	0.08571428571428572
insight	onwetendheid	0.02857142857142857
insight	mens	0.02857142857142857
insight	buitenkant	0.02857142857142857
insight	introspectie	0.02857142857142857
insight	conclusie	0.02857142857142857
insight	buiten	0.02857142857142857
insight	moeilijk	0.02857142857142857
insight	handig	0.02857142857142857
insight	vlucht	0.02857142857142857
insight	zicht	0.02857142857142857
insight	wetenschap	0.02857142857142857
insight	uitzicht	0.05714285714285714
insight	dom	0.02857142857142857
insight	document	0.02857142857142857
insight	situatie	0.02857142857142857
insight	natuurkunde	0.02857142857142857
insight	visie	0.02857142857142857
insight	psychologie	0.08571428571428572
succeed	studie	0.05555555555555555
succeed	winst	0.05555555555555555
succeed	succes	0.1111111111111111
succeed	slagen	0.1111111111111111
succeed	mislukken	0.05555555555555555
succeed	falen	0.05555555555555555
succeed	examen	0.1111111111111111
succeed	carriere	0.1111111111111111
succeed	mislopen	0.05555555555555555
succeed	doel	0.05555555555555555
succeed	geluk	0.05555555555555555
succeed	mislukking	0.05555555555555555
succeed	baan	0.05555555555555555
succeed	tentamen	0.05555555555555555
season	zoon	0.025
season	jaargetijde	0.025
season	weer	0.025
season	winter	0.35
season	mei	0.025
season	zomer	0.375
season	herfst	0.025
season	zon	0.075
season	lente	0.05
season	groei	0.025
skirt	minirok	0.027777777777777776
skirt	kleding	0.19444444444444445
skirt	mouw	0.027777777777777776
skirt	jurk	0.05555555555555555
skirt	wassen	0.027777777777777776
skirt	kleed	0.05555555555555555
skirt	dansen	0.027777777777777776
skirt	zomer	0.027777777777777776
skirt	rok	0.027777777777777776
skirt	vrouwelijk	0.027777777777777776
skirt	koker	0.027777777777777776
skirt	jas	0.027777777777777776
skirt	broek	0.2777777777777778
skirt	kledingstuk	0.027777777777777776
skirt	trui	0.08333333333333333
skirt	sport	0.027777777777777776
skirt	been	0.027777777777777776
hell	vuur	0.05
hell	ongeluk	0.025
hell	slecht	0.025
hell	heaven	0.025
hell	satan	0.025
hell	hulp	0.025
hell	demon	0.025
hell	hemel	0.625
hell	angst	0.025
hell	paradijs	0.025
hell	film	0.025
hell	duivel	0.075
hell	engel	0.025
expensive	goud	0.05263157894736842
expensive	auto	0.05263157894736842
expensive	huis	0.05263157894736842
expensive	juweel	0.05263157894736842
expensive	horloge	0.05263157894736842
expensive	kleed	0.10526315789473684
expensive	geld	0.10526315789473684
expensive	cadeau	0.05263157894736842
expensive	cd	0.05263157894736842
expensive	goedkoop	0.42105263157894735
flower	viool	0.025
flower	bloembed	0.025
flower	groen	0.025
flower	bloemenmarkt	0.025
flower	zomer	0.025
flower	vaas	0.025
flower	roos	0.125
flower	tulp	0.05
flower	rood	0.05
flower	groei	0.025
flower	zon	0.025
flower	mooi	0.025
flower	kleur	0.05
flower	boom	0.05
flower	vrijheid	0.025
flower	bij	0.025
flower	steel	0.025
flower	kruid	0.025
flower	bloemenman	0.025
flower	ruiken	0.025
flower	wei	0.025
flower	geur	0.125
flower	stil	0.025
flower	aster	0.025
flower	tuin	0.075
flower	zaad	0.025
refuse	gebod	0.0625
refuse	vluchteling	0.0625
refuse	niet	0.0625
refuse	ezel	0.0625
refuse	meedoen	0.0625
refuse	staking	0.0625
refuse	aanraken	0.0625
refuse	echtscheiding	0.0625
refuse	bevel	0.0625
refuse	aannemen	0.0625
refuse	hardnekkig	0.0625
refuse	order	0.0625
refuse	dienst	0.0625
refuse	leger	0.0625
refuse	buitenland	0.0625
refuse	verzoek	0.0625
blind	geboren	0.05263157894736842
blind	meloen	0.05263157894736842
blind	goedziend	0.05263157894736842
blind	doof	0.21052631578947367
blind	zonnebril	0.05263157894736842
blind	stok	0.05263157894736842
blind	zien	0.15789473684210525
blind	geleidehond	0.05263157894736842
blind	man	0.05263157894736842
blind	hond	0.15789473684210525
blind	oog	0.05263157894736842
blind	kleur	0.05263157894736842
train	lawaai	0.025
train	reden	0.025
train	locomotief	0.025
train	dood	0.025
train	snelheid	0.025
train	botsing	0.025
train	huis	0.025
train	bus	0.025
train	wedstrijd	0.025
train	vertraging	0.025
train	vervoer	0.1
train	rijden	0.1
train	cadans	0.025
train	reis	0.05
train	reizen	0.1
train	auto	0.05
train	rail	0.15
train	tijd	0.025
train	wagon	0.075
train	bangkok	0.025
train	vervoersmiddel	0.025
train	fiets	0.025
panic	film	0.025
panic	vuur	0.05
panic	helpen	0.025
panic	nu	0.025
panic	haast	0.025
panic	angstig	0.025
panic	pech	0.025
panic	angst	0.075
panic	geluk	0.025
panic	brand	0.025
panic	ramp	0.1
panic	vliegramp	0.025
panic	onrust	0.025
panic	boos	0.025
panic	ongeluk	0.1
panic	aanval	0.025
panic	chaotisch	0.025
panic	haar	0.025
panic	chaos	0.075
panic	hulp	0.025
panic	geduld	0.025
panic	vlucht	0.025
panic	rustig	0.05
panic	massa	0.025
panic	hysterisch	0.025
panic	rennen	0.025
panic	rust	0.025
panic	publiek	0.025
steal	pan	0.05
steal	boterham	0.05
steal	law	0.05
steal	eiffeltoren	0.05
steal	dief	0.35
steal	auto	0.05
steal	fabriek	0.05
steal	ding	0.05
steal	diefstal	0.05
steal	fiets	0.05
steal	nikkel	0.05
steal	gevangenis	0.1
steal	hout	0.05
admit	ongeduldig	0.0625
admit	verklaren	0.0625
admit	advies	0.0625
admit	eerlijk	0.0625
admit	waarheid	0.0625
admit	bewonderen	0.0625
admit	vriendelijk	0.0625
admit	schuld	0.0625
admit	bekentenis	0.0625
admit	misdaad	0.0625
admit	gelijk	0.0625
admit	doen	0.0625
admit	dader	0.0625
admit	fout	0.1875
chaotic	net	0.1
chaotic	ordenen	0.05
chaotic	storen	0.05
chaotic	proces	0.05
chaotic	ongeluk	0.05
chaotic	verkeer	0.1
chaotic	discipline	0.05
chaotic	rotzooi	0.05
chaotic	ik	0.1
chaotic	kamer	0.05
chaotic	begin	0.05
chaotic	orde	0.05
chaotic	band	0.05
chaotic	stad	0.05
chaotic	paniek	0.05
chaotic	ruzie	0.05
chaotic	druk	0.05
daughter	zoon	0.5675675675675675
daughter	leuk	0.02702702702702703
daughter	vader	0.08108108108108109
daughter	vrouw	0.05405405405405406
daughter	broer	0.02702702702702703
daughter	kind	0.05405405405405406
daughter	lief	0.02702702702702703
daughter	moeder	0.08108108108108109
daughter	liefde	0.02702702702702703
daughter	familie	0.05405405405405406
medical	dokter	0.25
medical	farmacologie	0.05
medical	pil	0.05
medical	studeren	0.05
medical	arts	0.05
medical	medicijn	0.05
medical	behandeling	0.05
medical	ziekenhuis	0.45
care	baby	0.02564102564102564
care	lief	0.02564102564102564
care	moeder	0.07692307692307693
care	genezen	0.02564102564102564
care	kind	0.15384615384615385
care	hospitaal	0.02564102564102564
care	verveling	0.02564102564102564
care	ouder	0.02564102564102564
care	laken	0.02564102564102564
care	zorg	0.07692307692307693
care	onvoorzichtig	0.02564102564102564
care	auto	0.02564102564102564
care	koken	0.02564102564102564
care	goed	0.02564102564102564
care	liefde	0.10256410256410256
care	vrouw	0.02564102564102564
care	zuster	0.1282051282051282
care	ziekenhuis	0.15384615384615385
ready	klaar	0.058823529411764705
ready	begin	0.058823529411764705
ready	experiment	0.058823529411764705
ready	nu	0.058823529411764705
ready	af	0.11764705882352941
ready	boek	0.058823529411764705
ready	afmaken	0.058823529411764705
ready	wachten	0.058823529411764705
ready	vertrek	0.058823529411764705
ready	computer	0.058823529411764705
ready	gaan	0.17647058823529413
ready	liefde	0.058823529411764705
ready	go	0.11764705882352941
strict	ernstig	0.05263157894736842
strict	streng	0.05263157894736842
strict	schema	0.05263157894736842
strict	verbieden	0.05263157894736842
strict	ras	0.05263157894736842
strict	principeel	0.05263157894736842
strict	regel	0.05263157894736842
strict	recht	0.05263157894736842
strict	order	0.05263157894736842
strict	zakelijk	0.05263157894736842
strict	huisarrest	0.05263157894736842
strict	idee	0.05263157894736842
strict	district	0.05263157894736842
strict	bepalen	0.05263157894736842
strict	strak	0.05263157894736842
strict	noodzakelijk	0.05263157894736842
strict	byzonder	0.05263157894736842
strict	conservatief	0.05263157894736842
strict	principe	0.05263157894736842
doctor	promoveren	0.02564102564102564
doctor	verpleegster	0.02564102564102564
doctor	spuit	0.02564102564102564
doctor	studie	0.02564102564102564
doctor	tandarts	0.02564102564102564
doctor	vader	0.02564102564102564
doctor	medicijn	0.1282051282051282
doctor	motor	0.02564102564102564
doctor	hulp	0.02564102564102564
doctor	ziekte	0.02564102564102564
doctor	kwaal	0.02564102564102564
doctor	nurse	0.02564102564102564
doctor	ziek	0.05128205128205128
doctor	operatie	0.02564102564102564
doctor	vrouw	0.02564102564102564
doctor	zuster	0.23076923076923078
doctor	arts	0.07692307692307693
doctor	ziekenhuis	0.1794871794871795
shame	bezorgd	0.03125
shame	nooit	0.03125
shame	onbeschaamd	0.03125
shame	vader	0.03125
shame	verzwijgen	0.03125
shame	rood	0.4375
shame	blozen	0.125
shame	boek	0.03125
shame	kind	0.03125
shame	leugen	0.03125
shame	angst	0.03125
shame	kleur	0.03125
shame	schande	0.03125
shame	samen	0.03125
shame	fout	0.0625
memory	geest	0.02702702702702703
memory	weten	0.02702702702702703
memory	spel	0.10810810810810811
memory	hoofd	0.02702702702702703
memory	eenheid	0.02702702702702703
memory	dagboek	0.02702702702702703
memory	gedachte	0.02702702702702703
memory	boek	0.02702702702702703
memory	ding	0.02702702702702703
memory	brein	0.02702702702702703
memory	kind	0.02702702702702703
memory	geheugen	0.10810810810810811
memory	sterk	0.02702702702702703
memory	gisteren	0.02702702702702703
memory	bewustzijn	0.02702702702702703
memory	onthouden	0.08108108108108109
memory	moeilijk	0.02702702702702703
memory	denken	0.05405405405405406
memory	vergeten	0.05405405405405406
memory	computer	0.05405405405405406
memory	dierbaar	0.02702702702702703
memory	hersenen	0.02702702702702703
memory	hersens	0.02702702702702703
memory	opslaan	0.02702702702702703
memory	psychologie	0.05405405405405406
strange	straat	0.05263157894736842
strange	vraag	0.05263157894736842
strange	onbekend	0.05263157894736842
strange	raar	0.05263157894736842
strange	engerd	0.05263157894736842
strange	man	0.05263157894736842
strange	bekend	0.05263157894736842
strange	gek	0.10526315789473684
strange	vreemdeling	0.10526315789473684
strange	buitenland	0.05263157894736842
strange	afwijken	0.05263157894736842
strange	mens	0.05263157894736842
strange	byzonder	0.05263157894736842
strange	gewoon	0.15789473684210525
strange	kleur	0.05263157894736842
scary	litteken	0.05
scary	gelukkig	0.05
scary	diepte	0.05
scary	spookachtig	0.05
scary	paniek	0.05
scary	angstig	0.05
scary	spel	0.05
scary	vreselijk	0.05
scary	moed	0.05
scary	donker	0.05
scary	bang	0.05
scary	hond	0.05
scary	vervelen	0.05
scary	onbezorgd	0.05
scary	nacht	0.05
scary	spook	0.05
scary	aardbeving	0.05
scary	toren	0.05
scary	film	0.1
