rotten	dirty	0.025
rotten	lousy	0.025
rotten	johnny	0.025
rotten	smell	0.025
rotten	fresh	0.025
rotten	stink	0.025
rotten	dirt	0.025
rotten	egg	0.15
rotten	clear	0.025
rotten	terrible	0.025
rotten	apple	0.55
rotten	state	0.025
rotten	fine	0.025
rotten	healthy	0.025
attempt	do	0.02857142857142857
attempt	suicide	0.11428571428571428
attempt	murder	0.08571428571428572
attempt	volleyball	0.02857142857142857
attempt	success	0.02857142857142857
attempt	arrow	0.02857142857142857
attempt	goal	0.02857142857142857
attempt	game	0.02857142857142857
attempt	reason	0.02857142857142857
attempt	failure	0.05714285714285714
attempt	association	0.02857142857142857
attempt	try	0.37142857142857144
attempt	speak	0.02857142857142857
attempt	kill	0.05714285714285714
attempt	burglar	0.02857142857142857
attempt	trial	0.02857142857142857
information	book	0.08571428571428572
information	new	0.02857142857142857
information	intelligence	0.02857142857142857
information	television	0.02857142857142857
information	forum	0.02857142857142857
information	encyclopedia	0.02857142857142857
information	use	0.02857142857142857
information	tourist	0.08571428571428572
information	folder	0.02857142857142857
information	paper	0.11428571428571428
information	desinformation	0.02857142857142857
information	center	0.02857142857142857
information	box	0.02857142857142857
information	computer	0.11428571428571428
information	newspaper	0.02857142857142857
information	question	0.05714285714285714
information	processing	0.05714285714285714
information	smart	0.02857142857142857
information	good	0.02857142857142857
information	important	0.02857142857142857
information	desk	0.08571428571428572
understand	exercise	0.02631578947368421
understand	question	0.07894736842105263
understand	people	0.05263157894736842
understand	belief	0.05263157894736842
understand	quality	0.02631578947368421
understand	clear	0.02631578947368421
understand	agree	0.02631578947368421
understand	dumb	0.02631578947368421
understand	learn	0.05263157894736842
understand	smart	0.02631578947368421
understand	forget	0.02631578947368421
understand	lift	0.02631578947368421
understand	see	0.02631578947368421
understand	know	0.05263157894736842
understand	lesson	0.05263157894736842
understand	notice	0.02631578947368421
understand	task	0.02631578947368421
understand	knowledge	0.02631578947368421
understand	lecture	0.02631578947368421
understand	mind	0.02631578947368421
understand	reckon	0.02631578947368421
understand	answer	0.02631578947368421
understand	reason	0.05263157894736842
understand	problem	0.02631578947368421
understand	listen	0.02631578947368421
understand	college	0.02631578947368421
understand	think	0.02631578947368421
understand	difficult	0.05263157894736842
understand	child	0.02631578947368421
stubborn	house	0.034482758620689655
stubborn	strong	0.034482758620689655
stubborn	angry	0.06896551724137931
stubborn	people	0.06896551724137931
stubborn	oak	0.034482758620689655
stubborn	easy	0.034482758620689655
stubborn	handsome	0.034482758620689655
stubborn	naughty	0.034482758620689655
stubborn	clever	0.034482758620689655
stubborn	donkey	0.034482758620689655
stubborn	man	0.034482758620689655
stubborn	cow	0.034482758620689655
stubborn	monkey	0.13793103448275862
stubborn	order	0.034482758620689655
stubborn	stupid	0.034482758620689655
stubborn	difficult	0.06896551724137931
stubborn	silly	0.034482758620689655
stubborn	animal	0.034482758620689655
stubborn	father	0.034482758620689655
stubborn	child	0.13793103448275862
doctor	help	0.02564102564102564
doctor	scientist	0.02564102564102564
doctor	study	0.05128205128205128
doctor	medical	0.07692307692307693
doctor	illness	0.02564102564102564
doctor	sick	0.07692307692307693
doctor	sister	0.02564102564102564
doctor	university	0.02564102564102564
doctor	nurse	0.23076923076923078
doctor	hospital	0.10256410256410256
doctor	surgeon	0.02564102564102564
doctor	wife	0.02564102564102564
doctor	injection	0.02564102564102564
doctor	treatment	0.02564102564102564
doctor	father	0.05128205128205128
doctor	medicine	0.1794871794871795
conscience	heavy	0.05405405405405406
conscience	lord	0.02702702702702703
conscience	fear	0.02702702702702703
conscience	belief	0.02702702702702703
conscience	medical	0.02702702702702703
conscience	fake	0.02702702702702703
conscience	truth	0.05405405405405406
conscience	mind	0.13513513513513514
conscience	dream	0.02702702702702703
conscience	awake	0.05405405405405406
conscience	memory	0.02702702702702703
conscience	dog	0.02702702702702703
conscience	knowledge	0.02702702702702703
conscience	awareness	0.02702702702702703
conscience	idea	0.02702702702702703
conscience	think	0.08108108108108109
conscience	know	0.08108108108108109
conscience	unconscious	0.16216216216216217
conscience	god	0.08108108108108109
method	math	0.027777777777777776
method	rule	0.027777777777777776
method	use	0.027777777777777776
method	practical	0.027777777777777776
method	school	0.027777777777777776
method	scientific	0.05555555555555555
method	learn	0.19444444444444445
method	research	0.08333333333333333
method	mathematics	0.1111111111111111
method	skill	0.027777777777777776
method	style	0.027777777777777776
method	book	0.05555555555555555
method	ethical	0.027777777777777776
method	experiment	0.027777777777777776
method	way	0.027777777777777776
method	computer	0.027777777777777776
method	work	0.027777777777777776
method	lesson	0.05555555555555555
method	calculate	0.027777777777777776
method	think	0.027777777777777776
method	meaning	0.027777777777777776
method	list	0.027777777777777776
elegant	skirt	0.025
elegant	dress	0.075
elegant	foolish	0.025
elegant	beautiful	0.025
elegant	shy	0.025
elegant	lady	0.25
elegant	gracious	0.025
elegant	attractive	0.025
elegant	woman	0.3
elegant	charm	0.1
elegant	clothes	0.025
elegant	magazine	0.025
elegant	style	0.025
elegant	elastic	0.025
elegant	nice	0.025
duty	obligation	0.02702702702702703
duty	soldier	0.02702702702702703
duty	war	0.05405405405405406
duty	task	0.05405405405405406
duty	free	0.16216216216216217
duty	tour	0.05405405405405406
duty	law	0.10810810810810811
duty	officeman	0.02702702702702703
duty	order	0.02702702702702703
duty	do	0.02702702702702703
duty	police	0.02702702702702703
duty	work	0.08108108108108109
duty	undutiful	0.02702702702702703
duty	army	0.16216216216216217
duty	officer	0.02702702702702703
duty	early	0.02702702702702703
duty	military	0.02702702702702703
duty	vietnam	0.02702702702702703
duty	guilty	0.02702702702702703
mirror	reflection	0.08333333333333333
mirror	room	0.027777777777777776
mirror	yourself	0.1388888888888889
mirror	snowwhite	0.08333333333333333
mirror	self	0.08333333333333333
mirror	beautiful	0.05555555555555555
mirror	look	0.1111111111111111
mirror	wall	0.027777777777777776
mirror	woman	0.027777777777777776
mirror	clothes	0.027777777777777776
mirror	light	0.027777777777777776
mirror	face	0.1111111111111111
mirror	window	0.027777777777777776
mirror	brush	0.027777777777777776
mirror	myself	0.027777777777777776
mirror	nice	0.027777777777777776
mirror	glass	0.08333333333333333
slippery	dirty	0.027777777777777776
slippery	banana	0.027777777777777776
slippery	love	0.027777777777777776
slippery	people	0.08333333333333333
slippery	run	0.027777777777777776
slippery	accident	0.05555555555555555
slippery	dirt	0.027777777777777776
slippery	street	0.05555555555555555
slippery	road	0.16666666666666666
slippery	snow	0.08333333333333333
slippery	clothes	0.027777777777777776
slippery	rock	0.027777777777777776
slippery	pavement	0.027777777777777776
slippery	rain	0.027777777777777776
slippery	wet	0.19444444444444445
slippery	car	0.08333333333333333
slippery	cold	0.027777777777777776
arrest	finish	0.025
arrest	people	0.025
arrest	weapon	0.025
arrest	law	0.025
arrest	order	0.025
arrest	thief	0.075
arrest	prisoner	0.025
arrest	policeman	0.05
arrest	police	0.55
arrest	prison	0.075
arrest	criminal	0.025
arrest	attempt	0.025
arrest	jail	0.05
apple	banana	0.075
apple	eat	0.075
apple	fruit	0.2
apple	bite	0.05
apple	bean	0.025
apple	green	0.1
apple	orange	0.025
apple	pear	0.1
apple	peach	0.025
apple	citrus	0.025
apple	pie	0.025
apple	vegetable	0.025
apple	nice	0.025
apple	tree	0.225
jail	prisoner	0.07692307692307693
jail	police	0.05128205128205128
jail	prison	0.6410256410256411
jail	rock	0.05128205128205128
jail	honest	0.02564102564102564
jail	steal	0.02564102564102564
jail	imprison	0.02564102564102564
jail	song	0.02564102564102564
jail	criminal	0.05128205128205128
jail	thief	0.02564102564102564
refuse	argue	0.03125
refuse	demand	0.0625
refuse	angry	0.03125
refuse	command	0.03125
refuse	order	0.03125
refuse	passport	0.03125
refuse	work	0.03125
refuse	question	0.03125
refuse	obedience	0.03125
refuse	hesitate	0.03125
refuse	attempt	0.03125
refuse	denial	0.03125
refuse	abuse	0.0625
refuse	not	0.03125
refuse	stop	0.0625
refuse	refusal	0.03125
refuse	proposal	0.0625
refuse	job	0.03125
refuse	handle	0.03125
refuse	try	0.03125
refuse	accept	0.125
refuse	offer	0.03125
refuse	no	0.03125
refuse	animal	0.03125
refuse	duty	0.03125
farm	farmer	0.23076923076923078
farm	cow	0.2564102564102564
farm	chicken	0.1282051282051282
farm	house	0.02564102564102564
farm	horse	0.02564102564102564
farm	outside	0.02564102564102564
farm	sheep	0.05128205128205128
farm	animal	0.20512820512820512
farm	pig	0.02564102564102564
farm	child	0.02564102564102564
metal	heavy	0.10526315789473684
metal	ring	0.02631578947368421
metal	steel	0.13157894736842105
metal	rifle	0.02631578947368421
metal	weapon	0.02631578947368421
metal	copper	0.02631578947368421
metal	fork	0.05263157894736842
metal	silver	0.02631578947368421
metal	fabric	0.02631578947368421
metal	hard	0.13157894736842105
metal	worker	0.02631578947368421
metal	cold	0.02631578947368421
metal	thing	0.02631578947368421
metal	wood	0.07894736842105263
metal	mine	0.02631578947368421
metal	bend	0.02631578947368421
metal	iron	0.21052631578947367
motive	stimulation	0.027777777777777776
motive	honestly	0.027777777777777776
motive	power	0.027777777777777776
motive	study	0.027777777777777776
motive	game	0.027777777777777776
motive	wrong	0.027777777777777776
motive	unmotivated	0.027777777777777776
motive	plan	0.027777777777777776
motive	attempt	0.027777777777777776
motive	crime	0.1111111111111111
motive	proposal	0.027777777777777776
motive	death	0.027777777777777776
motive	head	0.027777777777777776
motive	alibi	0.027777777777777776
motive	drive	0.05555555555555555
motive	murder	0.08333333333333333
motive	do	0.027777777777777776
motive	newspaper	0.027777777777777776
motive	caution	0.027777777777777776
motive	reason	0.2222222222222222
motive	kill	0.05555555555555555
motive	movie	0.027777777777777776
guess	riddle	0.027777777777777776
guess	gamble	0.08333333333333333
guess	help	0.027777777777777776
guess	why	0.027777777777777776
guess	who	0.05555555555555555
guess	choose	0.027777777777777776
guess	uncertain	0.027777777777777776
guess	exam	0.027777777777777776
guess	propose	0.027777777777777776
guess	answer	0.1111111111111111
guess	choice	0.05555555555555555
guess	make	0.027777777777777776
guess	question	0.2222222222222222
guess	try	0.027777777777777776
guess	never	0.027777777777777776
guess	talk	0.027777777777777776
guess	ask	0.08333333333333333
guess	not	0.027777777777777776
guess	lucky	0.027777777777777776
guess	chess	0.027777777777777776
care	doctor	0.05128205128205128
care	soft	0.02564102564102564
care	parent	0.07692307692307693
care	love	0.07692307692307693
care	relation	0.02564102564102564
care	take	0.02564102564102564
care	hospital	0.15384615384615385
care	mother	0.1282051282051282
care	uncaring	0.02564102564102564
care	hurt	0.02564102564102564
care	careful	0.02564102564102564
care	parking	0.02564102564102564
care	brown	0.02564102564102564
care	baby	0.05128205128205128
care	give	0.02564102564102564
care	giver	0.02564102564102564
care	silly	0.02564102564102564
care	nurse	0.07692307692307693
care	child	0.10256410256410256
winter	season	0.05128205128205128
winter	snow	0.07692307692307693
winter	now	0.05128205128205128
winter	fall	0.02564102564102564
winter	cold	0.15384615384615385
winter	summer	0.6153846153846154
winter	spring	0.02564102564102564
knife	sharp	0.1
knife	rifle	0.025
knife	jaw	0.025
knife	murder	0.05
knife	fork	0.35
knife	gun	0.05
knife	weapon	0.025
knife	dangerous	0.025
knife	kitchen	0.025
knife	dead	0.05
knife	spoon	0.075
knife	cut	0.075
knife	steep	0.025
knife	kill	0.075
knife	eat	0.025
bottle	champagne	0.02564102564102564
bottle	baby	0.02564102564102564
bottle	whiskey	0.02564102564102564
bottle	liquor	0.02564102564102564
bottle	neck	0.05128205128205128
bottle	drink	0.1282051282051282
bottle	jar	0.02564102564102564
bottle	drunk	0.05128205128205128
bottle	wine	0.6410256410256411
circle	wood	0.025
circle	color	0.025
circle	sun	0.025
circle	square	0.225
circle	figure	0.05
circle	ball	0.05
circle	round	0.325
circle	walk	0.025
circle	road	0.025
circle	angle	0.025
circle	continuously	0.025
circle	triangle	0.075
circle	mathematics	0.025
circle	cube	0.025
circle	bicycle	0.025
circle	circus	0.025
baptize	christian	0.06896551724137931
baptize	funeral	0.034482758620689655
baptize	saint	0.034482758620689655
baptize	church	0.4482758620689655
baptize	baby	0.06896551724137931
baptize	religion	0.06896551724137931
baptize	holy	0.034482758620689655
baptize	wrong	0.034482758620689655
baptize	christ	0.034482758620689655
baptize	born	0.034482758620689655
baptize	strange	0.034482758620689655
baptize	john	0.06896551724137931
baptize	child	0.034482758620689655
pepper	mint	0.02564102564102564
pepper	salt	0.7948717948717948
pepper	eat	0.02564102564102564
pepper	sugar	0.02564102564102564
pepper	hot	0.07692307692307693
pepper	steak	0.02564102564102564
pepper	food	0.02564102564102564
swim	river	0.027777777777777776
swim	pool	0.1111111111111111
swim	dive	0.05555555555555555
swim	water	0.6388888888888888
swim	sea	0.1111111111111111
swim	walk	0.027777777777777776
swim	suit	0.027777777777777776
hate	dislike	0.025
hate	love	0.5
hate	people	0.025
hate	enemy	0.075
hate	anger	0.075
hate	feel	0.025
hate	angry	0.075
hate	flower	0.025
hate	friendliness	0.025
hate	man	0.025
hate	smile	0.025
hate	revenge	0.025
hate	person	0.025
hate	hatred	0.025
hate	pain	0.025
bird	feather	0.05128205128205128
bird	tree	0.07692307692307693
bird	air	0.02564102564102564
bird	free	0.02564102564102564
bird	robin	0.02564102564102564
bird	lion	0.02564102564102564
bird	song	0.02564102564102564
bird	flower	0.02564102564102564
bird	freedom	0.02564102564102564
bird	sing	0.28205128205128205
bird	sky	0.15384615384615385
bird	fly	0.15384615384615385
bird	yellow	0.05128205128205128
bird	wing	0.02564102564102564
bird	child	0.02564102564102564
train	travel	0.05
train	people	0.05
train	robbery	0.025
train	city	0.025
train	vacation	0.025
train	school	0.025
train	speed	0.025
train	run	0.05
train	drive	0.025
train	bus	0.025
train	locomotion	0.025
train	station	0.025
train	ticket	0.025
train	passenger	0.025
train	bike	0.025
train	fast	0.025
train	holiday	0.05
train	big	0.025
train	journey	0.025
train	rail	0.275
train	wagon	0.025
train	car	0.1
train	yellow	0.025
chilly	season	0.02702702702702703
chilly	finger	0.05405405405405406
chilly	pepper	0.10810810810810811
chilly	green	0.02702702702702703
chilly	food	0.08108108108108109
chilly	laugh	0.05405405405405406
chilly	snow	0.02702702702702703
chilly	cold	0.40540540540540543
chilly	winter	0.05405405405405406
chilly	crazy	0.02702702702702703
chilly	coat	0.02702702702702703
chilly	warm	0.10810810810810811
truth	fault	0.02631578947368421
truth	relation	0.02631578947368421
truth	dare	0.18421052631578946
truth	unfaithful	0.02631578947368421
truth	religion	0.05263157894736842
truth	fake	0.02631578947368421
truth	court	0.05263157894736842
truth	always	0.02631578947368421
truth	promise	0.02631578947368421
truth	question	0.02631578947368421
truth	untruth	0.02631578947368421
truth	tell	0.05263157894736842
truth	honest	0.13157894736842105
truth	break	0.02631578947368421
truth	trust	0.02631578947368421
truth	wrong	0.02631578947368421
truth	lie	0.05263157894736842
truth	real	0.05263157894736842
truth	mother	0.02631578947368421
truth	faithful	0.02631578947368421
truth	story	0.02631578947368421
truth	false	0.05263157894736842
cruel	heavy	0.02631578947368421
cruel	angry	0.02631578947368421
cruel	head	0.02631578947368421
cruel	sadism	0.02631578947368421
cruel	behavior	0.02631578947368421
cruel	deed	0.02631578947368421
cruel	rough	0.02631578947368421
cruel	thief	0.02631578947368421
cruel	man	0.02631578947368421
cruel	police	0.02631578947368421
cruel	violence	0.02631578947368421
cruel	dead	0.02631578947368421
cruel	revenge	0.05263157894736842
cruel	person	0.02631578947368421
cruel	bad	0.05263157894736842
cruel	father	0.02631578947368421
cruel	crime	0.02631578947368421
cruel	soft	0.05263157894736842
cruel	maniac	0.02631578947368421
cruel	people	0.05263157894736842
cruel	heard	0.02631578947368421
cruel	victim	0.05263157894736842
cruel	disgust	0.02631578947368421
cruel	murder	0.07894736842105263
cruel	hard	0.02631578947368421
cruel	crowd	0.02631578947368421
cruel	newspaper	0.02631578947368421
cruel	bestiality	0.02631578947368421
cruel	mean	0.02631578947368421
cruel	animal	0.02631578947368421
cruel	knife	0.02631578947368421
shop	jewelry	0.025
shop	buying	0.05
shop	fruit	0.025
shop	street	0.025
shop	toy	0.025
shop	shopping	0.05
shop	flower	0.025
shop	money	0.05
shop	car	0.025
shop	gift	0.025
shop	thing	0.025
shop	buy	0.175
shop	sex	0.05
shop	food	0.05
shop	book	0.025
shop	grocery	0.05
shop	lifter	0.025
shop	supermarket	0.025
shop	present	0.025
shop	bag	0.025
shop	market	0.025
shop	center	0.025
shop	store	0.025
shop	clothes	0.025
shop	garbage	0.025
shop	window	0.075
marry	woman	0.05405405405405406
marry	funeral	0.02702702702702703
marry	white	0.02702702702702703
marry	love	0.02702702702702703
marry	brother	0.02702702702702703
marry	church	0.02702702702702703
marry	people	0.05405405405405406
marry	baby	0.02702702702702703
marry	ring	0.02702702702702703
marry	unhappy	0.02702702702702703
marry	someone	0.02702702702702703
marry	happy	0.13513513513513514
marry	divorce	0.05405405405405406
marry	widow	0.02702702702702703
marry	man	0.05405405405405406
marry	husband	0.1891891891891892
marry	marriage	0.02702702702702703
marry	never	0.02702702702702703
marry	child	0.05405405405405406
marry	story	0.02702702702702703
marry	wedding	0.05405405405405406
holy	cave	0.025
holy	saint	0.05
holy	church	0.25
holy	sacrifice	0.025
holy	cruise	0.025
holy	religion	0.025
holy	priest	0.025
holy	holiday	0.025
holy	water	0.025
holy	spirit	0.075
holy	day	0.05
holy	sacrament	0.025
holy	christ	0.15
holy	pope	0.025
holy	entrance	0.025
holy	complete	0.025
holy	ghost	0.075
holy	whole	0.025
holy	astonish	0.025
holy	god	0.025
expensive	gold	0.05
expensive	jean	0.025
expensive	jewelry	0.025
expensive	shop	0.05
expensive	cheap	0.375
expensive	living	0.025
expensive	cost	0.025
expensive	store	0.05
expensive	attractive	0.025
expensive	bag	0.025
expensive	inexpensive	0.025
expensive	diamond	0.025
expensive	money	0.05
expensive	clothes	0.075
expensive	shopping	0.025
expensive	wallet	0.025
expensive	car	0.025
expensive	guilder	0.025
expensive	book	0.025
expensive	vacation	0.025
listen	music	0.15789473684210525
listen	attention	0.02631578947368421
listen	hearing	0.05263157894736842
listen	lecture	0.02631578947368421
listen	song	0.02631578947368421
listen	speak	0.02631578947368421
listen	teacher	0.02631578947368421
listen	carefully	0.05263157894736842
listen	voice	0.05263157894736842
listen	talk	0.02631578947368421
listen	word	0.05263157894736842
listen	ear	0.15789473684210525
listen	hear	0.2631578947368421
listen	prejudice	0.02631578947368421
listen	book	0.02631578947368421
ease	calm	0.029411764705882353
ease	uncertain	0.029411764705882353
ease	at	0.08823529411764706
ease	spring	0.029411764705882353
ease	dark	0.029411764705882353
ease	easy	0.058823529411764705
ease	comfort	0.029411764705882353
ease	relaxed	0.029411764705882353
ease	comfortable	0.029411764705882353
ease	learn	0.029411764705882353
ease	easily	0.029411764705882353
ease	difficult	0.11764705882352941
ease	ability	0.029411764705882353
ease	difficulty	0.029411764705882353
ease	sand	0.058823529411764705
ease	task	0.058823529411764705
ease	quit	0.029411764705882353
ease	relax	0.029411764705882353
ease	do	0.058823529411764705
ease	frighten	0.029411764705882353
ease	try	0.029411764705882353
ease	cool	0.029411764705882353
ease	case	0.029411764705882353
ease	state	0.029411764705882353
ease	rest	0.029411764705882353
demand	parent	0.02702702702702703
demand	question	0.2972972972972973
demand	high	0.02702702702702703
demand	order	0.10810810810810811
demand	duty	0.02702702702702703
demand	woman	0.02702702702702703
demand	answer	0.02702702702702703
demand	characteristic	0.02702702702702703
demand	favor	0.02702702702702703
demand	access	0.02702702702702703
demand	bank	0.02702702702702703
demand	ask	0.2972972972972973
demand	teacher	0.02702702702702703
demand	boy	0.02702702702702703
angry	fight	0.07692307692307693
angry	baby	0.02564102564102564
angry	young	0.05128205128205128
angry	relation	0.02564102564102564
angry	love	0.02564102564102564
angry	mad	0.20512820512820512
angry	anger	0.02564102564102564
angry	hate	0.02564102564102564
angry	furious	0.07692307692307693
angry	laugh	0.02564102564102564
angry	man	0.10256410256410256
angry	glad	0.02564102564102564
angry	upset	0.07692307692307693
angry	boy	0.02564102564102564
angry	nigger	0.02564102564102564
angry	argue	0.02564102564102564
angry	father	0.02564102564102564
angry	cry	0.05128205128205128
angry	happy	0.07692307692307693
plan	intention	0.030303030303030304
plan	travel	0.030303030303030304
plan	guide	0.030303030303030304
plan	delta	0.030303030303030304
plan	idea	0.09090909090909091
plan	city	0.06060606060606061
plan	airplane	0.030303030303030304
plan	organize	0.030303030303030304
plan	vacation	0.06060606060606061
plan	architecture	0.030303030303030304
plan	do	0.06060606060606061
plan	road	0.030303030303030304
plan	make	0.06060606060606061
plan	day	0.030303030303030304
plan	holiday	0.15151515151515152
plan	bad	0.030303030303030304
plan	floor	0.030303030303030304
plan	execute	0.030303030303030304
plan	map	0.09090909090909091
plan	kill	0.030303030303030304
plan	failure	0.030303030303030304
admit	fault	0.14705882352941177
admit	deed	0.029411764705882353
admit	mistake	0.029411764705882353
admit	easy	0.029411764705882353
admit	strong	0.029411764705882353
admit	order	0.029411764705882353
admit	woman	0.029411764705882353
admit	suicide	0.029411764705882353
admit	police	0.029411764705882353
admit	wrong	0.14705882352941177
admit	agree	0.029411764705882353
admit	question	0.029411764705882353
admit	true	0.029411764705882353
admit	crime	0.058823529411764705
admit	transmit	0.029411764705882353
admit	commit	0.029411764705882353
admit	honest	0.029411764705882353
admit	always	0.029411764705882353
admit	ok	0.029411764705882353
admit	despise	0.029411764705882353
admit	disadmit	0.029411764705882353
admit	answer	0.029411764705882353
admit	understand	0.029411764705882353
admit	try	0.029411764705882353
admit	accept	0.029411764705882353
fresh	dirty	0.075
fresh	air	0.05
fresh	free	0.025
fresh	fruit	0.075
fresh	drinking	0.025
fresh	meat	0.025
fresh	old	0.05
fresh	rotten	0.025
fresh	morning	0.025
fresh	yoghurt	0.025
fresh	light	0.025
fresh	milk	0.025
fresh	eye	0.025
fresh	fish	0.05
fresh	ice	0.025
fresh	new	0.125
fresh	refresh	0.025
fresh	eat	0.025
fresh	water	0.075
fresh	shower	0.025
fresh	slow	0.025
fresh	food	0.025
fresh	early	0.025
fresh	cold	0.025
fresh	tomato	0.025
fresh	apple	0.025
fresh	lemonade	0.025
yellow	color	0.075
yellow	banana	0.025
yellow	black	0.05
yellow	red	0.025
yellow	blue	0.225
yellow	sun	0.175
yellow	green	0.4
yellow	pink	0.025
reasonable	alright	0.05714285714285714
reasonable	old	0.02857142857142857
reasonable	clear	0.02857142857142857
reasonable	person	0.02857142857142857
reasonable	understandable	0.05714285714285714
reasonable	true	0.02857142857142857
reasonable	ask	0.02857142857142857
reasonable	unreasonable	0.2
reasonable	weather	0.02857142857142857
reasonable	purpose	0.02857142857142857
reasonable	good	0.02857142857142857
reasonable	right	0.02857142857142857
reasonable	mother	0.02857142857142857
reasonable	debate	0.02857142857142857
reasonable	realistic	0.02857142857142857
reasonable	irrational	0.02857142857142857
reasonable	answer	0.02857142857142857
reasonable	understand	0.05714285714285714
reasonable	argument	0.05714285714285714
reasonable	argue	0.02857142857142857
reasonable	intelligent	0.02857142857142857
reasonable	fair	0.02857142857142857
reasonable	think	0.05714285714285714
reasonable	unthinkable	0.02857142857142857
spread	white	0.03125
spread	bread	0.1875
spread	blanket	0.03125
spread	throw	0.03125
spread	news	0.03125
spread	paper	0.03125
spread	jam	0.03125
spread	sheet	0.09375
spread	dance	0.03125
spread	mathematics	0.03125
spread	sandwich	0.1875
spread	leg	0.09375
spread	out	0.0625
spread	widen	0.03125
spread	wing	0.0625
spread	bed	0.03125
bike	activity	0.025
bike	travel	0.025
bike	cycle	0.125
bike	blue	0.025
bike	mountain	0.075
bike	tire	0.05
bike	vacation	0.025
bike	wheel	0.1
bike	rid	0.075
bike	city	0.025
bike	steal	0.025
bike	weather	0.025
bike	street	0.05
bike	ride	0.05
bike	tube	0.025
bike	new	0.025
bike	road	0.025
bike	drive	0.025
bike	bicycle	0.025
bike	snow	0.025
bike	motorbike	0.025
bike	car	0.05
bike	cycling	0.025
bike	yellow	0.025
bike	nice	0.025
favor	help	0.02702702702702703
favor	best	0.05405405405405406
favor	drink	0.02702702702702703
favor	myself	0.02702702702702703
favor	diner	0.02702702702702703
favor	flower	0.05405405405405406
favor	please	0.02702702702702703
favor	flesh	0.02702702702702703
favor	color	0.08108108108108109
favor	advantage	0.05405405405405406
favor	refuse	0.02702702702702703
favor	unfavorable	0.02702702702702703
favor	star	0.02702702702702703
favor	food	0.05405405405405406
favor	music	0.02702702702702703
favor	ice	0.02702702702702703
favor	present	0.02702702702702703
favor	pleasure	0.02702702702702703
favor	strawberry	0.02702702702702703
favor	milkshake	0.02702702702702703
favor	smell	0.02702702702702703
favor	do	0.02702702702702703
favor	favorite	0.02702702702702703
favor	taste	0.10810810810810811
favor	girl	0.02702702702702703
favor	make	0.02702702702702703
favor	nice	0.02702702702702703
favor	god	0.02702702702702703
hope	fear	0.02702702702702703
hope	people	0.02702702702702703
hope	heaven	0.02702702702702703
hope	delivery	0.02702702702702703
hope	future	0.10810810810810811
hope	belief	0.08108108108108109
hope	church	0.05405405405405406
hope	faith	0.10810810810810811
hope	glory	0.08108108108108109
hope	despair	0.02702702702702703
hope	cry	0.02702702702702703
hope	boat	0.02702702702702703
hope	desire	0.02702702702702703
hope	love	0.02702702702702703
hope	cross	0.02702702702702703
hope	want	0.02702702702702703
hope	fate	0.05405405405405406
hope	forgiveness	0.02702702702702703
hope	deliverance	0.02702702702702703
hope	freedom	0.02702702702702703
hope	good	0.02702702702702703
hope	god	0.10810810810810811
tremble	fright	0.02857142857142857
tremble	egg	0.02857142857142857
tremble	fear	0.02857142857142857
tremble	shake	0.3142857142857143
tremble	scar	0.02857142857142857
tremble	finger	0.14285714285714285
tremble	hand	0.05714285714285714
tremble	scare	0.02857142857142857
tremble	nervous	0.02857142857142857
tremble	man	0.02857142857142857
tremble	shiver	0.02857142857142857
tremble	fall	0.05714285714285714
tremble	cold	0.05714285714285714
tremble	trouble	0.02857142857142857
tremble	piano	0.02857142857142857
tremble	movement	0.02857142857142857
tremble	afraid	0.05714285714285714
cause	fright	0.027777777777777776
cause	funeral	0.027777777777777776
cause	relation	0.05555555555555555
cause	question	0.027777777777777776
cause	law	0.05555555555555555
cause	result	0.027777777777777776
cause	pain	0.027777777777777776
cause	case	0.027777777777777776
cause	effect	0.1111111111111111
cause	reason	0.2777777777777778
cause	disease	0.027777777777777776
cause	evolution	0.027777777777777776
cause	offence	0.027777777777777776
cause	dependent	0.027777777777777776
cause	movie	0.027777777777777776
cause	accident	0.19444444444444445
snow	ice	0.02564102564102564
snow	ski	0.05128205128205128
snow	cold	0.02564102564102564
snow	skiing	0.07692307692307693
snow	winter	0.23076923076923078
snow	mountain	0.05128205128205128
snow	rain	0.05128205128205128
snow	chilly	0.02564102564102564
snow	sun	0.02564102564102564
snow	white	0.41025641025641024
snow	film	0.02564102564102564
tree	house	0.02631578947368421
tree	leave	0.02631578947368421
tree	plant	0.02631578947368421
tree	climb	0.02631578947368421
tree	green	0.10526315789473684
tree	forest	0.02631578947368421
tree	park	0.13157894736842105
tree	bird	0.02631578947368421
tree	leaf	0.10526315789473684
tree	garden	0.07894736842105263
tree	wood	0.02631578947368421
tree	apple	0.2631578947368421
tree	branch	0.05263157894736842
tree	flower	0.07894736842105263
sneeze	sick	0.05555555555555555
sneeze	snooze	0.027777777777777776
sneeze	tickle	0.027777777777777776
sneeze	chilly	0.027777777777777776
sneeze	pain	0.027777777777777776
sneeze	handkerchief	0.027777777777777776
sneeze	unhealthy	0.027777777777777776
sneeze	thief	0.027777777777777776
sneeze	snow	0.027777777777777776
sneeze	cold	0.3888888888888889
sneeze	steal	0.027777777777777776
sneeze	squeeze	0.027777777777777776
sneeze	nose	0.08333333333333333
sneeze	knife	0.027777777777777776
sneeze	kill	0.05555555555555555
sneeze	sniffle	0.027777777777777776
sneeze	cough	0.08333333333333333
cry	smile	0.05
cry	baby	0.05
cry	help	0.075
cry	sing	0.025
cry	pain	0.025
cry	shout	0.05
cry	sorrow	0.025
cry	laugh	0.05
cry	freedom	0.025
cry	sad	0.125
cry	child	0.125
cry	despair	0.025
cry	bad	0.025
cry	tear	0.225
cry	wet	0.05
cry	unhappy	0.025
cry	happy	0.025
insight	intelligence	0.06451612903225806
insight	flight	0.03225806451612903
insight	mind	0.03225806451612903
insight	thing	0.03225806451612903
insight	outside	0.3225806451612903
insight	case	0.03225806451612903
insight	clear	0.03225806451612903
insight	look	0.03225806451612903
insight	book	0.03225806451612903
insight	warm	0.03225806451612903
insight	plight	0.03225806451612903
insight	question	0.06451612903225806
insight	try	0.03225806451612903
insight	think	0.06451612903225806
insight	sight	0.03225806451612903
insight	good	0.03225806451612903
insight	brilliant	0.03225806451612903
insight	teacher	0.03225806451612903
insight	problem	0.03225806451612903
dare	gamble	0.029411764705882353
dare	fear	0.058823529411764705
dare	gut	0.029411764705882353
dare	scare	0.029411764705882353
dare	risky	0.029411764705882353
dare	true	0.029411764705882353
dare	experience	0.029411764705882353
dare	brave	0.11764705882352941
dare	attempt	0.058823529411764705
dare	boy	0.029411764705882353
dare	fight	0.029411764705882353
dare	devil	0.058823529411764705
dare	jump	0.058823529411764705
dare	chance	0.029411764705882353
dare	truth	0.08823529411764706
dare	do	0.058823529411764705
dare	jumping	0.029411764705882353
dare	trial	0.029411764705882353
dare	care	0.029411764705882353
dare	horse	0.029411764705882353
dare	animal	0.058823529411764705
dare	go	0.029411764705882353
dare	excite	0.029411764705882353
coffee	sugar	0.05
coffee	drink	0.05
coffee	black	0.05
coffee	cup	0.025
coffee	milk	0.025
coffee	awake	0.025
coffee	shop	0.05
coffee	tea	0.7
coffee	sigarette	0.025
calculate	conscious	0.029411764705882353
calculate	read	0.029411764705882353
calculate	number	0.029411764705882353
calculate	economic	0.029411764705882353
calculate	master	0.029411764705882353
calculate	count	0.058823529411764705
calculate	career	0.029411764705882353
calculate	compute	0.029411764705882353
calculate	school	0.029411764705882353
calculate	machine	0.08823529411764706
calculate	math	0.11764705882352941
calculate	statistic	0.08823529411764706
calculate	mathematics	0.29411764705882354
calculate	think	0.029411764705882353
calculate	calculator	0.08823529411764706
steal	heavy	0.05263157894736842
steal	jewelry	0.02631578947368421
steal	fork	0.02631578947368421
steal	robbery	0.02631578947368421
steal	thief	0.18421052631578946
steal	money	0.05263157894736842
steal	bike	0.07894736842105263
steal	wallet	0.02631578947368421
steal	thing	0.05263157894736842
steal	never	0.02631578947368421
steal	fabric	0.02631578947368421
steal	coin	0.02631578947368421
steal	shift	0.02631578947368421
steal	construction	0.02631578947368421
steal	weapon	0.02631578947368421
steal	robber	0.02631578947368421
steal	food	0.02631578947368421
steal	worker	0.02631578947368421
steal	rob	0.02631578947368421
steal	possession	0.02631578947368421
steal	prison	0.05263157894736842
steal	metal	0.05263157894736842
steal	wrong	0.02631578947368421
steal	knife	0.02631578947368421
steal	plastic	0.02631578947368421
happy	unhappy	0.21621621621621623
happy	gay	0.02702702702702703
happy	party	0.02702702702702703
happy	joy	0.05405405405405406
happy	end	0.05405405405405406
happy	sun	0.02702702702702703
happy	new	0.02702702702702703
happy	laugh	0.02702702702702703
happy	birthday	0.08108108108108109
happy	glad	0.02702702702702703
happy	sad	0.16216216216216217
happy	day	0.05405405405405406
happy	smile	0.08108108108108109
happy	face	0.02702702702702703
happy	shiny	0.02702702702702703
happy	now	0.02702702702702703
happy	marry	0.02702702702702703
happy	silly	0.02702702702702703
vague	madonna	0.029411764705882353
vague	art	0.029411764705882353
vague	beach	0.029411764705882353
vague	label	0.029411764705882353
vague	read	0.029411764705882353
vague	fog	0.029411764705882353
vague	message	0.029411764705882353
vague	clear	0.29411764705882354
vague	appointment	0.029411764705882353
vague	circle	0.029411764705882353
vague	misty	0.029411764705882353
vague	swim	0.029411764705882353
vague	paint	0.029411764705882353
vague	language	0.029411764705882353
vague	figure	0.058823529411764705
vague	hashish	0.029411764705882353
vague	mist	0.11764705882352941
vague	difficult	0.029411764705882353
vague	strange	0.029411764705882353
vague	crystal	0.029411764705882353
vague	rusty	0.029411764705882353
slave	black	0.16666666666666666
slave	boat	0.027777777777777776
slave	people	0.027777777777777776
slave	sun	0.027777777777777776
slave	man	0.027777777777777776
slave	work	0.05555555555555555
slave	freeman	0.027777777777777776
slave	america	0.027777777777777776
slave	time	0.027777777777777776
slave	africa	0.1111111111111111
slave	exotic	0.027777777777777776
slave	free	0.027777777777777776
slave	master	0.05555555555555555
slave	slavery	0.027777777777777776
slave	market	0.027777777777777776
slave	dictator	0.027777777777777776
slave	prison	0.05555555555555555
slave	nigger	0.027777777777777776
slave	terrible	0.027777777777777776
slave	bos	0.027777777777777776
slave	hell	0.027777777777777776
slave	negro	0.1111111111111111
thick	man	0.05128205128205128
thick	thin	0.7435897435897436
thick	fat	0.10256410256410256
thick	ill	0.02564102564102564
thick	leg	0.02564102564102564
thick	wall	0.02564102564102564
thick	pregnant	0.02564102564102564
throw	help	0.02631578947368421
throw	window	0.02631578947368421
throw	threw	0.02631578947368421
throw	dice	0.05263157894736842
throw	mother	0.02631578947368421
throw	ball	0.5263157894736842
throw	mom	0.02631578947368421
throw	run	0.02631578947368421
throw	away	0.10526315789473684
throw	trash	0.02631578947368421
throw	true	0.02631578947368421
throw	rope	0.02631578947368421
throw	building	0.02631578947368421
throw	kill	0.02631578947368421
throw	sport	0.02631578947368421
rose	color	0.025
rose	love	0.025
rose	red	0.075
rose	garden	0.175
rose	sow	0.05
rose	pink	0.025
rose	tulip	0.025
rose	ball	0.025
rose	flower	0.425
rose	nice	0.025
rose	smell	0.125
shoulder	heavy	0.025
shoulder	body	0.225
shoulder	strong	0.025
shoulder	head	0.075
shoulder	pain	0.05
shoulder	white	0.025
shoulder	hand	0.025
shoulder	life	0.025
shoulder	neck	0.075
shoulder	finger	0.025
shoulder	arm	0.25
shoulder	back	0.025
shoulder	cry	0.15
hospital	doctor	0.1282051282051282
hospital	sick	0.4358974358974359
hospital	nurse	0.05128205128205128
hospital	prison	0.02564102564102564
hospital	medicine	0.05128205128205128
hospital	dead	0.02564102564102564
hospital	ill	0.1282051282051282
hospital	treatment	0.02564102564102564
hospital	help	0.02564102564102564
hospital	sister	0.05128205128205128
hospital	bed	0.05128205128205128
dependent	baby	0.027777777777777776
dependent	parent	0.08333333333333333
dependent	independent	0.3055555555555556
dependent	people	0.027777777777777776
dependent	idea	0.027777777777777776
dependent	mother	0.027777777777777776
dependent	person	0.027777777777777776
dependent	woman	0.19444444444444445
dependent	elderly	0.027777777777777776
dependent	money	0.027777777777777776
dependent	prison	0.027777777777777776
dependent	marriage	0.027777777777777776
dependent	small	0.027777777777777776
dependent	freedom	0.027777777777777776
dependent	adult	0.027777777777777776
dependent	child	0.08333333333333333
opportunity	travel	0.027777777777777776
opportunity	take	0.05555555555555555
opportunity	change	0.027777777777777776
opportunity	study	0.027777777777777776
opportunity	chance	0.6111111111111112
opportunity	do	0.027777777777777776
opportunity	job	0.027777777777777776
opportunity	money	0.027777777777777776
opportunity	fortune	0.027777777777777776
opportunity	choice	0.027777777777777776
opportunity	once	0.027777777777777776
opportunity	good	0.027777777777777776
opportunity	miss	0.05555555555555555
paint	art	0.05263157894736842
paint	white	0.02631578947368421
paint	black	0.05263157894736842
paint	wet	0.02631578947368421
paint	house	0.05263157894736842
paint	painting	0.07894736842105263
paint	blue	0.02631578947368421
paint	room	0.02631578947368421
paint	pink	0.02631578947368421
paint	picture	0.05263157894736842
paint	oil	0.02631578947368421
paint	artist	0.02631578947368421
paint	mirror	0.02631578947368421
paint	color	0.13157894736842105
paint	abstract	0.02631578947368421
paint	work	0.02631578947368421
paint	wall	0.10526315789473684
paint	brush	0.02631578947368421
paint	painter	0.15789473684210525
paint	yellow	0.02631578947368421
chaotic	house	0.02631578947368421
chaotic	life	0.02631578947368421
chaotic	quiet	0.02631578947368421
chaotic	people	0.05263157894736842
chaotic	room	0.02631578947368421
chaotic	street	0.02631578947368421
chaotic	order	0.02631578947368421
chaotic	straight	0.02631578947368421
chaotic	bad	0.02631578947368421
chaotic	traffic	0.07894736842105263
chaotic	simple	0.02631578947368421
chaotic	scientific	0.02631578947368421
chaotic	sister	0.02631578947368421
chaotic	situation	0.02631578947368421
chaotic	me	0.07894736842105263
chaotic	single	0.02631578947368421
chaotic	messy	0.05263157894736842
chaotic	quit	0.02631578947368421
chaotic	chaos	0.05263157894736842
chaotic	process	0.05263157894736842
chaotic	land	0.02631578947368421
chaotic	mess	0.05263157894736842
chaotic	work	0.02631578947368421
chaotic	panic	0.10526315789473684
chaotic	girl	0.02631578947368421
chaotic	nice	0.02631578947368421
irritate	angry	0.08571428571428572
irritate	people	0.08571428571428572
irritate	easy	0.02857142857142857
irritate	hate	0.02857142857142857
irritate	sister	0.02857142857142857
irritate	work	0.02857142857142857
irritate	annoy	0.08571428571428572
irritate	annoying	0.02857142857142857
irritate	situation	0.02857142857142857
irritate	sick	0.02857142857142857
irritate	love	0.02857142857142857
irritate	disparage	0.02857142857142857
irritate	family	0.02857142857142857
irritate	mad	0.02857142857142857
irritate	skin	0.05714285714285714
irritate	tram	0.02857142857142857
irritate	laugh	0.02857142857142857
irritate	noise	0.02857142857142857
irritate	me	0.02857142857142857
irritate	smoke	0.02857142857142857
irritate	terrible	0.05714285714285714
irritate	argue	0.02857142857142857
irritate	hurt	0.02857142857142857
irritate	college	0.02857142857142857
irritate	animal	0.02857142857142857
irritate	child	0.05714285714285714
police	rescue	0.02564102564102564
police	law	0.05128205128205128
police	detective	0.02564102564102564
police	street	0.02564102564102564
police	thief	0.02564102564102564
police	prisoner	0.02564102564102564
police	officer	0.02564102564102564
police	army	0.02564102564102564
police	star	0.02564102564102564
police	station	0.02564102564102564
police	arrest	0.1282051282051282
police	uncle	0.02564102564102564
police	office	0.02564102564102564
police	murder	0.05128205128205128
police	charge	0.02564102564102564
police	punishment	0.02564102564102564
police	criminal	0.02564102564102564
police	guard	0.02564102564102564
police	prison	0.05128205128205128
police	dog	0.02564102564102564
police	cop	0.05128205128205128
police	academy	0.05128205128205128
police	killer	0.02564102564102564
police	car	0.1282051282051282
police	duty	0.02564102564102564
police	jail	0.02564102564102564
ambitious	everybody	0.02564102564102564
ambitious	strong	0.02564102564102564
ambitious	not	0.02564102564102564
ambitious	person	0.02564102564102564
ambitious	guy	0.02564102564102564
ambitious	people	0.05128205128205128
ambitious	talent	0.02564102564102564
ambitious	study	0.02564102564102564
ambitious	foreigner	0.02564102564102564
ambitious	future	0.02564102564102564
ambitious	lazy	0.07692307692307693
ambitious	dumb	0.02564102564102564
ambitious	job	0.07692307692307693
ambitious	work	0.1282051282051282
ambitious	good	0.05128205128205128
ambitious	creative	0.02564102564102564
ambitious	career	0.2564102564102564
ambitious	actor	0.02564102564102564
ambitious	sport	0.02564102564102564
ambitious	economics	0.02564102564102564
climb	hill	0.025
climb	fall	0.025
climb	rock	0.05
climb	child	0.025
climb	playground	0.025
climb	stair	0.075
climb	tree	0.3
climb	mountain	0.425
climb	walk	0.025
climb	wall	0.025
principle	bible	0.029411764705882353
principle	rule	0.11764705882352941
principle	deed	0.029411764705882353
principle	cd	0.029411764705882353
principle	school	0.029411764705882353
principle	thing	0.029411764705882353
principle	mathematics	0.029411764705882353
principle	difficult	0.029411764705882353
principle	will	0.029411764705882353
principle	teacher	0.029411764705882353
principle	stiff	0.029411764705882353
principle	thought	0.029411764705882353
principle	music	0.029411764705882353
principle	primary	0.029411764705882353
principle	motive	0.029411764705882353
principle	right	0.029411764705882353
principle	progressive	0.029411764705882353
principle	jehovah	0.029411764705882353
principle	decision	0.029411764705882353
principle	office	0.029411764705882353
principle	headmaster	0.029411764705882353
principle	conservative	0.029411764705882353
principle	reason	0.08823529411764706
principle	argument	0.029411764705882353
principle	boy	0.029411764705882353
principle	objective	0.029411764705882353
principle	actor	0.029411764705882353
principle	idea	0.029411764705882353
principle	mine	0.029411764705882353
rifle	sharp	0.030303030303030304
rifle	danger	0.06060606060606061
rifle	climb	0.030303030303030304
rifle	shout	0.030303030303030304
rifle	knife	0.09090909090909091
rifle	shoot	0.030303030303030304
rifle	mountain	0.030303030303030304
rifle	trouser	0.030303030303030304
rifle	music	0.030303030303030304
rifle	gun	0.3939393939393939
rifle	newspaper	0.030303030303030304
rifle	flute	0.030303030303030304
rifle	bus	0.030303030303030304
rifle	army	0.030303030303030304
rifle	shot	0.030303030303030304
rifle	war	0.030303030303030304
rifle	punishment	0.030303030303030304
rifle	whistle	0.030303030303030304
trouser	skirt	0.21621621621621623
trouser	jean	0.16216216216216217
trouser	scarf	0.02702702702702703
trouser	hemd	0.02702702702702703
trouser	church	0.02702702702702703
trouser	dress	0.02702702702702703
trouser	two	0.02702702702702703
trouser	zipper	0.02702702702702703
trouser	clothes	0.05405405405405406
trouser	shoe	0.05405405405405406
trouser	sock	0.02702702702702703
trouser	belly	0.05405405405405406
trouser	pair	0.02702702702702703
trouser	blouse	0.02702702702702703
trouser	pant	0.1891891891891892
trouser	leg	0.02702702702702703
captain	ship	0.8
captain	hook	0.025
captain	boat	0.125
captain	head	0.025
captain	radio	0.025
shame	fault	0.027777777777777776
shame	love	0.027777777777777776
shame	no	0.027777777777777776
shame	favor	0.027777777777777776
shame	people	0.027777777777777776
shame	social	0.027777777777777776
shame	belief	0.027777777777777776
shame	thing	0.027777777777777776
shame	guilt	0.1388888888888889
shame	height	0.027777777777777776
shame	doubt	0.027777777777777776
shame	open	0.027777777777777776
shame	wrong	0.027777777777777776
shame	guilty	0.027777777777777776
shame	blunder	0.027777777777777776
shame	red	0.3055555555555556
shame	stout	0.027777777777777776
shame	top	0.027777777777777776
shame	embarrassment	0.027777777777777776
shame	not	0.027777777777777776
shame	afraid	0.05555555555555555
block	heavy	0.02564102564102564
block	house	0.10256410256410256
block	white	0.02564102564102564
block	flat	0.02564102564102564
block	head	0.02564102564102564
block	volleyball	0.02564102564102564
block	toy	0.02564102564102564
block	ball	0.02564102564102564
block	round	0.02564102564102564
block	box	0.02564102564102564
block	work	0.02564102564102564
block	bank	0.02564102564102564
block	wood	0.1794871794871795
block	note	0.02564102564102564
block	street	0.02564102564102564
block	build	0.02564102564102564
block	stop	0.02564102564102564
block	road	0.02564102564102564
block	square	0.02564102564102564
block	stone	0.07692307692307693
block	out	0.02564102564102564
block	circle	0.1282051282051282
block	dice	0.02564102564102564
block	rock	0.02564102564102564
strange	question	0.05405405405405406
strange	people	0.16216216216216217
strange	rare	0.02702702702702703
strange	fool	0.02702702702702703
strange	outside	0.02702702702702703
strange	person	0.05405405405405406
strange	strangle	0.02702702702702703
strange	man	0.08108108108108109
strange	circumstance	0.02702702702702703
strange	familiar	0.02702702702702703
strange	day	0.02702702702702703
strange	thing	0.02702702702702703
strange	crazy	0.02702702702702703
strange	brandish	0.02702702702702703
strange	woman	0.02702702702702703
strange	phenomenon	0.02702702702702703
strange	feel	0.02702702702702703
strange	normal	0.05405405405405406
strange	know	0.02702702702702703
strange	weird	0.16216216216216217
strange	country	0.02702702702702703
strange	stupid	0.02702702702702703
wrong	fault	0.05405405405405406
wrong	answer	0.05405405405405406
wrong	mistake	0.02702702702702703
wrong	question	0.02702702702702703
wrong	right	0.7297297297297297
wrong	true	0.02702702702702703
wrong	good	0.05405405405405406
wrong	ok	0.02702702702702703
figure	body	0.11764705882352941
figure	strip	0.029411764705882353
figure	mathematics	0.058823529411764705
figure	fat	0.029411764705882353
figure	disfigure	0.029411764705882353
figure	round	0.029411764705882353
figure	design	0.029411764705882353
figure	man	0.029411764705882353
figure	thin	0.029411764705882353
figure	question	0.029411764705882353
figure	triangle	0.029411764705882353
figure	wood	0.029411764705882353
figure	person	0.029411764705882353
figure	father	0.029411764705882353
figure	skate	0.029411764705882353
figure	dress	0.029411764705882353
figure	shape	0.029411764705882353
figure	draw	0.029411764705882353
figure	sound	0.029411764705882353
figure	square	0.058823529411764705
figure	out	0.029411764705882353
figure	circle	0.11764705882352941
figure	math	0.029411764705882353
figure	good	0.029411764705882353
figure	think	0.029411764705882353
figure	nice	0.029411764705882353
dirty	house	0.02564102564102564
dirty	black	0.02564102564102564
dirty	filth	0.02564102564102564
dirty	rainbow	0.02564102564102564
dirty	room	0.02564102564102564
dirty	road	0.02564102564102564
dirty	smooth	0.05128205128205128
dirty	floor	0.02564102564102564
dirty	smet	0.02564102564102564
dirty	thing	0.02564102564102564
dirty	shit	0.02564102564102564
dirty	skirt	0.02564102564102564
dirty	scoundrel	0.05128205128205128
dirty	water	0.02564102564102564
dirty	bar	0.02564102564102564
dirty	mind	0.05128205128205128
dirty	smell	0.02564102564102564
dirty	filthy	0.05128205128205128
dirty	mess	0.02564102564102564
dirty	clothes	0.10256410256410256
dirty	clean	0.20512820512820512
dirty	trouser	0.02564102564102564
dirty	sand	0.05128205128205128
dirty	same	0.02564102564102564
pregnant	woman	0.358974358974359
pregnant	baby	0.3076923076923077
pregnant	danielle	0.02564102564102564
pregnant	mistake	0.02564102564102564
pregnant	happy	0.02564102564102564
pregnant	mother	0.02564102564102564
pregnant	abortion	0.02564102564102564
pregnant	happiness	0.02564102564102564
pregnant	child	0.1794871794871795
forget	telephone	0.02702702702702703
forget	try	0.02702702702702703
forget	old	0.02702702702702703
forget	happen	0.02702702702702703
forget	order	0.02702702702702703
forget	appointment	0.05405405405405406
forget	brain	0.02702702702702703
forget	never	0.02702702702702703
forget	answer	0.02702702702702703
forget	understand	0.02702702702702703
forget	forgive	0.02702702702702703
forget	thing	0.02702702702702703
forget	sunglass	0.02702702702702703
forget	memory	0.24324324324324326
forget	talk	0.02702702702702703
forget	remember	0.24324324324324326
forget	think	0.08108108108108109
forget	book	0.02702702702702703
green	color	0.05
green	red	0.175
green	grass	0.25
green	yellow	0.15
green	brink	0.025
green	apple	0.075
green	blue	0.1
green	tree	0.175
white	skirt	0.025
white	snow	0.1
white	color	0.025
white	dark	0.025
white	red	0.025
white	black	0.625
white	flower	0.025
white	blue	0.125
white	wall	0.025
funny	clown	0.175
funny	bug	0.05
funny	laughable	0.025
funny	movie	0.025
funny	comic	0.025
funny	chance	0.025
funny	joke	0.2
funny	laugh	0.15
funny	man	0.025
funny	sad	0.05
funny	nice	0.075
funny	thing	0.025
funny	stupid	0.025
funny	smile	0.05
funny	girl	0.025
funny	silly	0.025
funny	cartoon	0.025
disturb	help	0.027777777777777776
disturb	upset	0.05555555555555555
disturb	card	0.027777777777777776
disturb	study	0.027777777777777776
disturb	angry	0.027777777777777776
disturb	order	0.08333333333333333
disturb	learn	0.027777777777777776
disturb	moment	0.027777777777777776
disturb	mentally	0.027777777777777776
disturb	nothing	0.027777777777777776
disturb	interrupt	0.027777777777777776
disturb	difficult	0.027777777777777776
disturb	annoy	0.027777777777777776
disturb	undisturbed	0.027777777777777776
disturb	irritate	0.027777777777777776
disturb	stop	0.027777777777777776
disturb	me	0.027777777777777776
disturb	concentrate	0.027777777777777776
disturb	noise	0.1111111111111111
disturb	room	0.027777777777777776
disturb	work	0.027777777777777776
disturb	smoke	0.027777777777777776
disturb	emotional	0.027777777777777776
disturb	panic	0.027777777777777776
disturb	silence	0.08333333333333333
disturb	peace	0.027777777777777776
disturb	reason	0.027777777777777776
disturb	rest	0.027777777777777776
possession	idle	0.029411764705882353
possession	have	0.029411764705882353
possession	take	0.029411764705882353
possession	people	0.029411764705882353
possession	house	0.11764705882352941
possession	religion	0.029411764705882353
possession	ball	0.058823529411764705
possession	perfume	0.029411764705882353
possession	thief	0.029411764705882353
possession	man	0.029411764705882353
possession	money	0.11764705882352941
possession	thing	0.029411764705882353
possession	material	0.029411764705882353
possession	communism	0.029411764705882353
possession	bike	0.058823529411764705
possession	treasure	0.029411764705882353
possession	property	0.029411764705882353
possession	smell	0.029411764705882353
possession	hide	0.029411764705882353
possession	rich	0.08823529411764706
possession	loose	0.029411764705882353
possession	dispossession	0.029411764705882353
possession	car	0.029411764705882353
possession	invader	0.029411764705882353
revenge	boyfriend	0.02702702702702703
revenge	even	0.02702702702702703
revenge	love	0.02702702702702703
revenge	murder	0.13513513513513514
revenge	nerd	0.08108108108108109
revenge	anger	0.10810810810810811
revenge	pistol	0.05405405405405406
revenge	angry	0.05405405405405406
revenge	hate	0.13513513513513514
revenge	sport	0.02702702702702703
revenge	evil	0.02702702702702703
revenge	action	0.02702702702702703
revenge	game	0.02702702702702703
revenge	tennis	0.02702702702702703
revenge	blood	0.02702702702702703
revenge	jail	0.02702702702702703
revenge	stupid	0.02702702702702703
revenge	bad	0.02702702702702703
revenge	cool	0.02702702702702703
revenge	crime	0.05405405405405406
revenge	movie	0.02702702702702703
finger	body	0.025
finger	ring	0.05
finger	point	0.05
finger	chilly	0.025
finger	blood	0.025
finger	hand	0.45
finger	thumb	0.025
finger	toe	0.05
finger	nail	0.1
finger	top	0.025
finger	nose	0.025
finger	tip	0.15
succeed	glad	0.02631578947368421
succeed	fail	0.10526315789473684
succeed	medical	0.02631578947368421
succeed	future	0.02631578947368421
succeed	exam	0.02631578947368421
succeed	school	0.02631578947368421
succeed	luck	0.02631578947368421
succeed	work	0.07894736842105263
succeed	follow	0.02631578947368421
succeed	never	0.02631578947368421
succeed	unsuccessful	0.02631578947368421
succeed	looser	0.02631578947368421
succeed	happy	0.05263157894736842
succeed	economic	0.02631578947368421
succeed	task	0.02631578947368421
succeed	alright	0.02631578947368421
succeed	success	0.13157894736842105
succeed	ok	0.02631578947368421
succeed	finish	0.02631578947368421
succeed	job	0.02631578947368421
succeed	loose	0.02631578947368421
succeed	good	0.02631578947368421
succeed	career	0.13157894736842105
succeed	failure	0.02631578947368421
season	autumn	0.05
season	summer	0.3
season	winter	0.425
season	rain	0.05
season	spring	0.075
season	sun	0.075
season	four	0.025
faith	bible	0.02702702702702703
faith	good	0.02702702702702703
faith	relation	0.02702702702702703
faith	church	0.02702702702702703
faith	heaven	0.02702702702702703
faith	belief	0.16216216216216217
faith	honest	0.02702702702702703
faith	song	0.05405405405405406
faith	truth	0.02702702702702703
faith	hope	0.08108108108108109
faith	unfaithful	0.05405405405405406
faith	trust	0.16216216216216217
faith	doom	0.02702702702702703
faith	image	0.02702702702702703
faith	dog	0.02702702702702703
faith	true	0.02702702702702703
faith	faithful	0.02702702702702703
faith	vain	0.02702702702702703
faith	god	0.13513513513513514
blind	death	0.05128205128205128
blind	dark	0.05128205128205128
blind	deaf	0.10256410256410256
blind	man	0.15384615384615385
blind	melon	0.05128205128205128
blind	dog	0.10256410256410256
blind	sunglass	0.05128205128205128
blind	hearing	0.02564102564102564
blind	see	0.1794871794871795
blind	sight	0.02564102564102564
blind	darkness	0.02564102564102564
blind	hear	0.02564102564102564
blind	eye	0.10256410256410256
blind	glass	0.05128205128205128
hell	awful	0.05128205128205128
hell	devil	0.15384615384615385
hell	fear	0.02564102564102564
hell	heaven	0.5384615384615384
hell	above	0.02564102564102564
hell	angel	0.02564102564102564
hell	fire	0.10256410256410256
hell	raise	0.02564102564102564
hell	paradise	0.02564102564102564
hell	step	0.02564102564102564
quality	book	0.06060606060606061
quality	ring	0.030303030303030304
quality	dress	0.030303030303030304
quality	people	0.030303030303030304
quality	high	0.030303030303030304
quality	product	0.030303030303030304
quality	use	0.030303030303030304
quality	price	0.030303030303030304
quality	disqualify	0.06060606060606061
quality	food	0.06060606060606061
quality	nonquality	0.030303030303030304
quality	work	0.030303030303030304
quality	clothes	0.09090909090909091
quality	make	0.030303030303030304
quality	expensive	0.06060606060606061
quality	skill	0.030303030303030304
quality	good	0.09090909090909091
quality	quantity	0.21212121212121213
quality	marijuana	0.030303030303030304
flower	grow	0.02564102564102564
flower	park	0.02564102564102564
flower	beautiful	0.05128205128205128
flower	spring	0.02564102564102564
flower	field	0.02564102564102564
flower	sun	0.02564102564102564
flower	smell	0.15384615384615385
flower	bird	0.02564102564102564
flower	leaf	0.02564102564102564
flower	garden	0.07692307692307693
flower	summer	0.02564102564102564
flower	rise	0.1794871794871795
flower	yellow	0.07692307692307693
flower	green	0.02564102564102564
flower	nice	0.02564102564102564
flower	tree	0.20512820512820512
panic	calm	0.02702702702702703
panic	help	0.02702702702702703
panic	flat	0.02702702702702703
panic	people	0.02702702702702703
panic	fire	0.13513513513513514
panic	angry	0.02702702702702703
panic	hostage	0.02702702702702703
panic	clear	0.02702702702702703
panic	order	0.02702702702702703
panic	relaxed	0.02702702702702703
panic	disaster	0.02702702702702703
panic	policeman	0.02702702702702703
panic	traffic	0.02702702702702703
panic	underground	0.02702702702702703
panic	never	0.02702702702702703
panic	trouble	0.02702702702702703
panic	afraid	0.08108108108108109
panic	fear	0.08108108108108109
panic	chaos	0.10810810810810811
panic	regulate	0.02702702702702703
panic	cry	0.02702702702702703
panic	accident	0.02702702702702703
panic	rest	0.02702702702702703
panic	disorder	0.08108108108108109
move	body	0.02631578947368421
move	kick	0.02631578947368421
move	ballet	0.02631578947368421
move	throw	0.02631578947368421
move	run	0.07894736842105263
move	away	0.02631578947368421
move	dance	0.02631578947368421
move	leg	0.02631578947368421
move	arm	0.02631578947368421
move	bicycle	0.02631578947368421
move	sit	0.02631578947368421
move	finger	0.02631578947368421
move	bike	0.02631578947368421
move	stop	0.02631578947368421
move	walk	0.21052631578947367
move	still	0.05263157894736842
move	stay	0.02631578947368421
move	car	0.07894736842105263
move	around	0.02631578947368421
move	on	0.02631578947368421
move	movement	0.02631578947368421
move	sport	0.07894736842105263
move	chess	0.05263157894736842
daughter	woman	0.025
daughter	family	0.025
daughter	son	0.8
daughter	mother	0.05
daughter	child	0.025
daughter	sister	0.075
medical	doctor	0.275
medical	penicillin	0.025
medical	help	0.025
medical	unmedical	0.025
medical	medicine	0.1
medical	advice	0.025
medical	illness	0.05
medical	white	0.025
medical	advise	0.025
medical	nurse	0.05
medical	hospital	0.25
medical	surgeon	0.025
medical	care	0.025
medical	scientific	0.025
medical	center	0.025
medical	treatment	0.025
ready	finish	0.10526315789473684
ready	love	0.05263157894736842
ready	task	0.02631578947368421
ready	alright	0.05263157894736842
ready	water	0.02631578947368421
ready	departure	0.02631578947368421
ready	now	0.07894736842105263
ready	soon	0.02631578947368421
ready	book	0.02631578947368421
ready	do	0.02631578947368421
ready	steady	0.05263157894736842
ready	computer	0.02631578947368421
ready	okay	0.02631578947368421
ready	depart	0.02631578947368421
ready	good	0.02631578947368421
ready	unready	0.02631578947368421
ready	go	0.3157894736842105
ready	start	0.05263157894736842
bend	steel	0.030303030303030304
bend	head	0.030303030303030304
bend	over	0.09090909090909091
bend	toe	0.030303030303030304
bend	car	0.030303030303030304
bend	hold	0.06060606060606061
bend	metal	0.06060606060606061
bend	bicycle	0.06060606060606061
bend	stretch	0.030303030303030304
bend	cross	0.030303030303030304
bend	water	0.030303030303030304
bend	bow	0.030303030303030304
bend	friendship	0.030303030303030304
bend	trumpet	0.030303030303030304
bend	curve	0.030303030303030304
bend	guitar	0.030303030303030304
bend	gymnastics	0.030303030303030304
bend	spoon	0.030303030303030304
bend	tree	0.09090909090909091
bend	back	0.030303030303030304
bend	knee	0.15151515151515152
bend	leg	0.030303030303030304
strict	parent	0.05555555555555555
strict	rule	0.2777777777777778
strict	law	0.05555555555555555
strict	quality	0.027777777777777776
strict	short	0.027777777777777776
strict	disabled	0.027777777777777776
strict	order	0.05555555555555555
strict	precisely	0.027777777777777776
strict	rude	0.027777777777777776
strict	measure	0.027777777777777776
strict	severe	0.027777777777777776
strict	father	0.027777777777777776
strict	chaotic	0.027777777777777776
strict	schedule	0.027777777777777776
strict	line	0.027777777777777776
strict	necessary	0.027777777777777776
strict	straight	0.05555555555555555
strict	neat	0.027777777777777776
strict	boundary	0.027777777777777776
strict	circle	0.027777777777777776
strict	forbidden	0.05555555555555555
strict	loose	0.027777777777777776
chance	fault	0.02702702702702703
chance	new	0.02702702702702703
chance	take	0.02702702702702703
chance	roulette	0.02702702702702703
chance	possibility	0.08108108108108109
chance	hope	0.02702702702702703
chance	again	0.02702702702702703
chance	luck	0.10810810810810811
chance	money	0.02702702702702703
chance	wrong	0.02702702702702703
chance	bank	0.02702702702702703
chance	opportunity	0.43243243243243246
chance	interchangeable	0.02702702702702703
chance	miss	0.02702702702702703
chance	lucky	0.08108108108108109
frown	forehead	0.06060606060606061
frown	icy	0.030303030303030304
frown	help	0.030303030303030304
frown	head	0.09090909090909091
frown	eyebrow	0.06060606060606061
frown	angry	0.030303030303030304
frown	old	0.06060606060606061
frown	brow	0.06060606060606061
frown	frozen	0.030303030303030304
frown	open	0.030303030303030304
frown	eye	0.030303030303030304
frown	smile	0.06060606060606061
frown	face	0.24242424242424243
frown	nose	0.030303030303030304
frown	think	0.12121212121212122
frown	frog	0.030303030303030304
advantage	book	0.02631578947368421
advantage	help	0.02631578947368421
advantage	lucky	0.02631578947368421
advantage	study	0.02631578947368421
advantage	chance	0.02631578947368421
advantage	disabled	0.02631578947368421
advantage	school	0.02631578947368421
advantage	disadvantage	0.4473684210526316
advantage	tennis	0.15789473684210525
advantage	reclaim	0.02631578947368421
advantage	promise	0.02631578947368421
advantage	make	0.02631578947368421
advantage	try	0.02631578947368421
advantage	opportunity	0.02631578947368421
advantage	good	0.02631578947368421
advantage	go	0.02631578947368421
advantage	situation	0.02631578947368421
promise	abuse	0.03225806451612903
promise	oath	0.06451612903225806
promise	faith	0.03225806451612903
promise	keep	0.0967741935483871
promise	marriage	0.03225806451612903
promise	people	0.03225806451612903
promise	belief	0.06451612903225806
promise	truthful	0.03225806451612903
promise	break	0.06451612903225806
promise	song	0.03225806451612903
promise	holy	0.03225806451612903
promise	future	0.03225806451612903
promise	me	0.03225806451612903
promise	make	0.12903225806451613
promise	question	0.03225806451612903
promise	true	0.03225806451612903
promise	friend	0.03225806451612903
promise	miracle	0.06451612903225806
promise	marry	0.03225806451612903
promise	brand	0.03225806451612903
promise	wedding	0.06451612903225806
potato	fish	0.02702702702702703
potato	mexico	0.02702702702702703
potato	quayle	0.02702702702702703
potato	head	0.02702702702702703
potato	eat	0.08108108108108109
potato	vegetable	0.10810810810810811
potato	food	0.13513513513513514
potato	mayonnaise	0.02702702702702703
potato	spaghetti	0.08108108108108109
potato	pie	0.02702702702702703
potato	bake	0.02702702702702703
potato	crisp	0.02702702702702703
potato	chip	0.2972972972972973
potato	fry	0.02702702702702703
potato	chicken	0.02702702702702703
potato	mass	0.02702702702702703
sing	choir	0.02631578947368421
sing	sinatra	0.02631578947368421
sing	voice	0.02631578947368421
sing	song	0.631578947368421
sing	music	0.02631578947368421
sing	bird	0.05263157894736842
sing	orchestra	0.02631578947368421
sing	fascinate	0.02631578947368421
sing	talk	0.05263157894736842
sing	singer	0.05263157894736842
sing	note	0.02631578947368421
sing	happy	0.02631578947368421
memory	lose	0.02702702702702703
memory	capture	0.02702702702702703
memory	card	0.02702702702702703
memory	short	0.02702702702702703
memory	old	0.02702702702702703
memory	clever	0.02702702702702703
memory	past	0.02702702702702703
memory	mind	0.05405405405405406
memory	restore	0.02702702702702703
memory	remember	0.02702702702702703
memory	book	0.02702702702702703
memory	situation	0.02702702702702703
memory	disturb	0.02702702702702703
memory	psychology	0.02702702702702703
memory	task	0.02702702702702703
memory	thought	0.02702702702702703
memory	idea	0.02702702702702703
memory	history	0.08108108108108109
memory	brain	0.08108108108108109
memory	computer	0.02702702702702703
memory	diary	0.02702702702702703
memory	time	0.02702702702702703
memory	good	0.05405405405405406
memory	think	0.13513513513513514
memory	difficult	0.02702702702702703
memory	child	0.05405405405405406
skirt	dirty	0.05128205128205128
skirt	jean	0.05128205128205128
skirt	summer	0.05128205128205128
skirt	girl	0.05128205128205128
skirt	short	0.02564102564102564
skirt	dress	0.02564102564102564
skirt	trouser	0.38461538461538464
skirt	woman	0.02564102564102564
skirt	robe	0.05128205128205128
skirt	clothes	0.10256410256410256
skirt	towel	0.05128205128205128
skirt	yellow	0.02564102564102564
skirt	shirt	0.05128205128205128
skirt	leg	0.05128205128205128
scary	body	0.02857142857142857
scary	help	0.02857142857142857
scary	black	0.02857142857142857
scary	fear	0.08571428571428572
scary	people	0.05714285714285714
scary	sight	0.02857142857142857
scary	thrill	0.02857142857142857
scary	ghost	0.08571428571428572
scary	scandal	0.02857142857142857
scary	darkness	0.02857142857142857
scary	beast	0.02857142857142857
scary	afraid	0.05714285714285714
scary	dark	0.05714285714285714
scary	book	0.02857142857142857
scary	scarf	0.02857142857142857
scary	thought	0.02857142857142857
scary	skin	0.02857142857142857
scary	film	0.02857142857142857
scary	frighten	0.14285714285714285
scary	dog	0.02857142857142857
scary	face	0.02857142857142857
scary	happy	0.02857142857142857
scary	movie	0.05714285714285714
